Logged,processFilePath,processCmd,endpointHostName,parentCmd
2023-09-08 14:28:21,C:\Program Files\Fortinet\FortiClient\FortiProxy.exe,FortiProxy.exe -s FC_{73EFB30F-1CAD-4a7a-AE2E-150282B6CE25}_000013 ,MUM-LAP-1318,"""C:\Program Files\Fortinet\FortiClient\scheduler.exe"""
2023-09-08 14:28:21,C:\Program Files\Fortinet\FortiClient\FortiProxy.exe,FortiProxy.exe -s FC_{73EFB30F-1CAD-4a7a-AE2E-150282B6CE25}_000013 ,MUM-LAP-1318,"""C:\Program Files\Fortinet\FortiClient\scheduler.exe"""
2023-09-08 14:26:25,C:\Program Files\Fortinet\FortiClient\FortiProxy.exe,FortiProxy.exe -s FC_{73EFB30F-1CAD-4a7a-AE2E-150282B6CE25}_000013 ,MUM-LAP-1318,"""C:\Program Files\Fortinet\FortiClient\scheduler.exe"""
2023-09-08 14:26:25,C:\Program Files\Fortinet\FortiClient\FortiProxy.exe,FortiProxy.exe -s FC_{73EFB30F-1CAD-4a7a-AE2E-150282B6CE25}_000013 ,MUM-LAP-1318,"""C:\Program Files\Fortinet\FortiClient\scheduler.exe"""
2023-09-08 13:56:28,,FortiProxy.exe -s FC_{73EFB30F-1CAD-4a7a-AE2E-150282B6CE25}_000013 ,MUM-LAP-1327,
2023-09-08 13:36:14,C:\Program Files\Fortinet\FortiClient\FortiProxy.exe,FortiProxy.exe -s FC_{73EFB30F-1CAD-4a7a-AE2E-150282B6CE25}_000013 ,MUM-LAP-1222,"""C:\Program Files\Fortinet\FortiClient\scheduler.exe"""
2023-09-08 13:25:13,C:\Windows\System32\svchost.exe,C:\windows\system32\svchost.exe -k LocalSystemNetworkRestricted -p -s SysMain,MUM-LAP-1318,C:\windows\system32\services.exe
2023-09-08 13:25:11,C:\Program Files\Fortinet\FortiClient\FortiProxy.exe,FortiProxy.exe -s FC_{73EFB30F-1CAD-4a7a-AE2E-150282B6CE25}_000013 ,MUM-LAP-1318,"""C:\Program Files\Fortinet\FortiClient\scheduler.exe"""
2023-09-08 13:25:11,C:\Program Files\Fortinet\FortiClient\FortiProxy.exe,FortiProxy.exe -s FC_{73EFB30F-1CAD-4a7a-AE2E-150282B6CE25}_000013 ,MUM-LAP-1318,"""C:\Program Files\Fortinet\FortiClient\scheduler.exe"""
2023-09-08 13:24:51,C:\Program Files\Fortinet\FortiClient\FortiProxy.exe,FortiProxy.exe -s FC_{73EFB30F-1CAD-4a7a-AE2E-150282B6CE25}_000013 ,MUM-LAP-1318,"""C:\Program Files\Fortinet\FortiClient\scheduler.exe"""
2023-09-08 13:24:51,C:\Program Files\Fortinet\FortiClient\FortiProxy.exe,FortiProxy.exe -s FC_{73EFB30F-1CAD-4a7a-AE2E-150282B6CE25}_000013 ,MUM-LAP-1318,"""C:\Program Files\Fortinet\FortiClient\scheduler.exe"""
2023-09-08 13:14:45,C:\Program Files\Fortinet\FortiClient\FortiProxy.exe,FortiProxy.exe -s FC_{73EFB30F-1CAD-4a7a-AE2E-150282B6CE25}_000013 ,MUM-LAP-1422,
2023-09-08 13:13:11,C:\Program Files\Fortinet\FortiClient\FortiProxy.exe,FortiProxy.exe -s FC_{73EFB30F-1CAD-4a7a-AE2E-150282B6CE25}_000013 ,MUM-LAP-1422,
2023-09-08 13:11:26,C:\Program Files\Fortinet\FortiClient\FortiProxy.exe,FortiProxy.exe -s FC_{73EFB30F-1CAD-4a7a-AE2E-150282B6CE25}_000013 ,MUM-LAP-1422,
2023-09-08 13:09:51,C:\Program Files\Fortinet\FortiClient\FortiProxy.exe,FortiProxy.exe -s FC_{73EFB30F-1CAD-4a7a-AE2E-150282B6CE25}_000013 ,MUM-LAP-1422,
2023-09-08 13:07:19,C:\Program Files\Fortinet\FortiClient\FortiProxy.exe,FortiProxy.exe -s FC_{73EFB30F-1CAD-4a7a-AE2E-150282B6CE25}_000013 ,MUM-LAP-1422,
2023-09-08 13:05:46,C:\Program Files\Fortinet\FortiClient\FortiProxy.exe,FortiProxy.exe -s FC_{73EFB30F-1CAD-4a7a-AE2E-150282B6CE25}_000013 ,MUM-LAP-1422,
2023-09-08 13:03:09,C:\Program Files\Fortinet\FortiClient\FortiProxy.exe,FortiProxy.exe -s FC_{73EFB30F-1CAD-4a7a-AE2E-150282B6CE25}_000013 ,MUM-LAP-1422,
2023-09-08 13:00:34,C:\Program Files\Fortinet\FortiClient\FortiProxy.exe,FortiProxy.exe -s FC_{73EFB30F-1CAD-4a7a-AE2E-150282B6CE25}_000013 ,MUM-LAP-1422,
2023-09-08 12:58:59,C:\Program Files\Fortinet\FortiClient\FortiProxy.exe,FortiProxy.exe -s FC_{73EFB30F-1CAD-4a7a-AE2E-150282B6CE25}_000013 ,MUM-LAP-1422,
2023-09-08 12:57:24,C:\Program Files\Fortinet\FortiClient\FortiProxy.exe,FortiProxy.exe -s FC_{73EFB30F-1CAD-4a7a-AE2E-150282B6CE25}_000013 ,MUM-LAP-1422,
2023-09-08 12:56:52,C:\Program Files\Fortinet\FortiClient\FortiProxy.exe,FortiProxy.exe -s FC_{73EFB30F-1CAD-4a7a-AE2E-150282B6CE25}_000013 ,MUM-LAP-1291,"""C:\Program Files\Fortinet\FortiClient\scheduler.exe"""
2023-09-08 12:56:51,C:\Program Files\Fortinet\FortiClient\FortiProxy.exe,FortiProxy.exe -s FC_{73EFB30F-1CAD-4a7a-AE2E-150282B6CE25}_000013 ,MUM-LAP-1291,"""C:\Program Files\Fortinet\FortiClient\scheduler.exe"""
2023-09-08 12:56:06,C:\Program Files\Fortinet\FortiClient\FortiProxy.exe,FortiProxy.exe -s FC_{73EFB30F-1CAD-4a7a-AE2E-150282B6CE25}_000013 ,MUM-LAP-1291,"""C:\Program Files\Fortinet\FortiClient\scheduler.exe"""
2023-09-08 12:56:05,C:\Program Files\Fortinet\FortiClient\FortiProxy.exe,FortiProxy.exe -s FC_{73EFB30F-1CAD-4a7a-AE2E-150282B6CE25}_000013 ,MUM-LAP-1291,"""C:\Program Files\Fortinet\FortiClient\scheduler.exe"""
2023-09-08 12:55:40,C:\Program Files\Fortinet\FortiClient\FortiProxy.exe,FortiProxy.exe -s FC_{73EFB30F-1CAD-4a7a-AE2E-150282B6CE25}_000013 ,MUM-LAP-1422,
2023-09-08 12:53:56,C:\Program Files\Fortinet\FortiClient\FortiProxy.exe,FortiProxy.exe -s FC_{73EFB30F-1CAD-4a7a-AE2E-150282B6CE25}_000013 ,MUM-LAP-1422,
2023-09-08 12:52:14,C:\Program Files\Fortinet\FortiClient\FortiProxy.exe,FortiProxy.exe -s FC_{73EFB30F-1CAD-4a7a-AE2E-150282B6CE25}_000013 ,MUM-LAP-1422,
2023-09-08 12:50:41,C:\Program Files\Fortinet\FortiClient\FortiProxy.exe,FortiProxy.exe -s FC_{73EFB30F-1CAD-4a7a-AE2E-150282B6CE25}_000013 ,MUM-LAP-1422,
2023-09-08 12:49:06,C:\Program Files\Fortinet\FortiClient\FortiProxy.exe,FortiProxy.exe -s FC_{73EFB30F-1CAD-4a7a-AE2E-150282B6CE25}_000013 ,MUM-LAP-1422,
2023-09-08 12:47:33,C:\Program Files\Fortinet\FortiClient\FortiProxy.exe,FortiProxy.exe -s FC_{73EFB30F-1CAD-4a7a-AE2E-150282B6CE25}_000013 ,MUM-LAP-1422,
2023-09-08 12:46:01,C:\Program Files\Fortinet\FortiClient\FortiProxy.exe,FortiProxy.exe -s FC_{73EFB30F-1CAD-4a7a-AE2E-150282B6CE25}_000013 ,MUM-LAP-1422,
2023-09-08 12:44:23,C:\Program Files\Fortinet\FortiClient\FortiProxy.exe,FortiProxy.exe -s FC_{73EFB30F-1CAD-4a7a-AE2E-150282B6CE25}_000013 ,MUM-LAP-1422,
2023-09-08 12:42:44,C:\Program Files\Fortinet\FortiClient\FortiProxy.exe,FortiProxy.exe -s FC_{73EFB30F-1CAD-4a7a-AE2E-150282B6CE25}_000013 ,MUM-LAP-1422,
2023-09-08 12:41:05,C:\Program Files\Fortinet\FortiClient\FortiProxy.exe,FortiProxy.exe -s FC_{73EFB30F-1CAD-4a7a-AE2E-150282B6CE25}_000013 ,MUM-LAP-1422,
2023-09-08 12:39:27,C:\Program Files\Fortinet\FortiClient\FortiProxy.exe,FortiProxy.exe -s FC_{73EFB30F-1CAD-4a7a-AE2E-150282B6CE25}_000013 ,MUM-LAP-1422,
2023-09-08 12:37:47,C:\Program Files\Fortinet\FortiClient\FortiProxy.exe,FortiProxy.exe -s FC_{73EFB30F-1CAD-4a7a-AE2E-150282B6CE25}_000013 ,MUM-LAP-1422,
2023-09-08 12:35:58,C:\Program Files\Fortinet\FortiClient\FortiProxy.exe,FortiProxy.exe -s FC_{73EFB30F-1CAD-4a7a-AE2E-150282B6CE25}_000013 ,MUM-LAP-1422,
2023-09-08 12:34:52,C:\Program Files\Fortinet\FortiClient\FortiProxy.exe,FortiProxy.exe -s FC_{73EFB30F-1CAD-4a7a-AE2E-150282B6CE25}_000013 ,MUM-LAP-1422,
2023-09-08 12:33:15,C:\Program Files\Fortinet\FortiClient\FortiProxy.exe,FortiProxy.exe -s FC_{73EFB30F-1CAD-4a7a-AE2E-150282B6CE25}_000013 ,MUM-LAP-1422,
2023-09-08 12:31:40,C:\Program Files\Fortinet\FortiClient\FortiProxy.exe,FortiProxy.exe -s FC_{73EFB30F-1CAD-4a7a-AE2E-150282B6CE25}_000013 ,MUM-LAP-1422,
2023-09-08 12:30:05,C:\Program Files\Fortinet\FortiClient\FortiProxy.exe,FortiProxy.exe -s FC_{73EFB30F-1CAD-4a7a-AE2E-150282B6CE25}_000013 ,MUM-LAP-1422,
2023-09-08 12:28:27,C:\Program Files\Fortinet\FortiClient\FortiProxy.exe,FortiProxy.exe -s FC_{73EFB30F-1CAD-4a7a-AE2E-150282B6CE25}_000013 ,MUM-LAP-1422,
2023-09-08 12:26:44,C:\Program Files\Fortinet\FortiClient\FortiProxy.exe,FortiProxy.exe -s FC_{73EFB30F-1CAD-4a7a-AE2E-150282B6CE25}_000013 ,MUM-LAP-1422,
2023-09-08 12:24:30,C:\Program Files\Fortinet\FortiClient\FortiProxy.exe,FortiProxy.exe -s FC_{73EFB30F-1CAD-4a7a-AE2E-150282B6CE25}_000013 ,MUM-LAP-1422,
2023-09-08 12:22:20,C:\Program Files\Fortinet\FortiClient\FortiProxy.exe,FortiProxy.exe -s FC_{73EFB30F-1CAD-4a7a-AE2E-150282B6CE25}_000013 ,MUM-LAP-1422,
2023-09-08 12:20:14,C:\Program Files\Fortinet\FortiClient\FortiProxy.exe,FortiProxy.exe -s FC_{73EFB30F-1CAD-4a7a-AE2E-150282B6CE25}_000013 ,MUM-LAP-1422,
2023-09-08 12:18:09,C:\Program Files\Fortinet\FortiClient\FortiProxy.exe,FortiProxy.exe -s FC_{73EFB30F-1CAD-4a7a-AE2E-150282B6CE25}_000013 ,MUM-LAP-1422,
2023-09-08 12:15:59,C:\Program Files\Fortinet\FortiClient\FortiProxy.exe,FortiProxy.exe -s FC_{73EFB30F-1CAD-4a7a-AE2E-150282B6CE25}_000013 ,MUM-LAP-1422,
2023-09-08 12:13:28,C:\Program Files\Fortinet\FortiClient\FortiProxy.exe,FortiProxy.exe -s FC_{73EFB30F-1CAD-4a7a-AE2E-150282B6CE25}_000013 ,MUM-LAP-1422,
2023-09-08 12:11:14,C:\Program Files\Fortinet\FortiClient\FortiProxy.exe,FortiProxy.exe -s FC_{73EFB30F-1CAD-4a7a-AE2E-150282B6CE25}_000013 ,MUM-LAP-1422,
2023-09-08 12:09:06,C:\Program Files\Fortinet\FortiClient\FortiProxy.exe,FortiProxy.exe -s FC_{73EFB30F-1CAD-4a7a-AE2E-150282B6CE25}_000013 ,MUM-LAP-1422,
2023-09-08 12:06:52,C:\Program Files\Fortinet\FortiClient\FortiProxy.exe,FortiProxy.exe -s FC_{73EFB30F-1CAD-4a7a-AE2E-150282B6CE25}_000013 ,MUM-LAP-1422,
2023-09-08 12:05:44,C:\Program Files\Fortinet\FortiClient\FortiProxy.exe,FortiProxy.exe -s FC_{73EFB30F-1CAD-4a7a-AE2E-150282B6CE25}_000013 ,MUM-LAP-1318,"""C:\Program Files\Fortinet\FortiClient\scheduler.exe"""
2023-09-08 12:05:44,C:\Program Files\Fortinet\FortiClient\FortiProxy.exe,FortiProxy.exe -s FC_{73EFB30F-1CAD-4a7a-AE2E-150282B6CE25}_000013 ,MUM-LAP-1318,"""C:\Program Files\Fortinet\FortiClient\scheduler.exe"""
2023-09-08 12:05:24,C:\Program Files\Fortinet\FortiClient\FortiProxy.exe,FortiProxy.exe -s FC_{73EFB30F-1CAD-4a7a-AE2E-150282B6CE25}_000013 ,MUM-LAP-1318,"""C:\Program Files\Fortinet\FortiClient\scheduler.exe"""
2023-09-08 12:05:23,C:\Program Files\Fortinet\FortiClient\FortiProxy.exe,FortiProxy.exe -s FC_{73EFB30F-1CAD-4a7a-AE2E-150282B6CE25}_000013 ,MUM-LAP-1318,"""C:\Program Files\Fortinet\FortiClient\scheduler.exe"""
2023-09-08 12:04:38,C:\Program Files\Fortinet\FortiClient\FortiProxy.exe,FortiProxy.exe -s FC_{73EFB30F-1CAD-4a7a-AE2E-150282B6CE25}_000013 ,MUM-LAP-1422,
2023-09-08 12:02:17,C:\Program Files\Fortinet\FortiClient\FortiProxy.exe,FortiProxy.exe -s FC_{73EFB30F-1CAD-4a7a-AE2E-150282B6CE25}_000013 ,MUM-LAP-1422,
2023-09-08 11:59:57,C:\Program Files\Fortinet\FortiClient\FortiProxy.exe,FortiProxy.exe -s FC_{73EFB30F-1CAD-4a7a-AE2E-150282B6CE25}_000013 ,MUM-LAP-1422,
2023-09-08 11:57:40,C:\Program Files\Fortinet\FortiClient\FortiProxy.exe,FortiProxy.exe -s FC_{73EFB30F-1CAD-4a7a-AE2E-150282B6CE25}_000013 ,MUM-LAP-1422,
2023-09-08 11:55:51,C:\Program Files\Fortinet\FortiClient\FortiProxy.exe,FortiProxy.exe -s FC_{73EFB30F-1CAD-4a7a-AE2E-150282B6CE25}_000013 ,MUM-LAP-1422,
2023-09-08 11:53:42,C:\Program Files\Fortinet\FortiClient\FortiProxy.exe,FortiProxy.exe -s FC_{73EFB30F-1CAD-4a7a-AE2E-150282B6CE25}_000013 ,MUM-LAP-1422,
2023-09-08 11:51:45,C:\Program Files\Fortinet\FortiClient\FortiProxy.exe,FortiProxy.exe -s FC_{73EFB30F-1CAD-4a7a-AE2E-150282B6CE25}_000013 ,MUM-LAP-1422,
2023-09-08 11:49:32,C:\Program Files\Fortinet\FortiClient\FortiProxy.exe,FortiProxy.exe -s FC_{73EFB30F-1CAD-4a7a-AE2E-150282B6CE25}_000013 ,MUM-LAP-1422,
2023-09-08 11:47:52,C:\Program Files\Fortinet\FortiClient\FortiProxy.exe,FortiProxy.exe -s FC_{73EFB30F-1CAD-4a7a-AE2E-150282B6CE25}_000013 ,MUM-LAP-1422,
2023-09-08 11:46:32,C:\Program Files\Fortinet\FortiClient\FortiProxy.exe,FortiProxy.exe -s FC_{73EFB30F-1CAD-4a7a-AE2E-150282B6CE25}_000013 ,MUM-LAP-1422,
2023-09-08 11:45:10,C:\Program Files\Fortinet\FortiClient\FortiProxy.exe,FortiProxy.exe -s FC_{73EFB30F-1CAD-4a7a-AE2E-150282B6CE25}_000013 ,MUM-LAP-1422,
2023-09-08 11:43:50,C:\Program Files\Fortinet\FortiClient\FortiProxy.exe,FortiProxy.exe -s FC_{73EFB30F-1CAD-4a7a-AE2E-150282B6CE25}_000013 ,MUM-LAP-1422,
2023-09-08 11:42:30,C:\Program Files\Fortinet\FortiClient\FortiProxy.exe,FortiProxy.exe -s FC_{73EFB30F-1CAD-4a7a-AE2E-150282B6CE25}_000013 ,MUM-LAP-1422,
2023-09-08 11:41:09,C:\Program Files\Fortinet\FortiClient\FortiProxy.exe,FortiProxy.exe -s FC_{73EFB30F-1CAD-4a7a-AE2E-150282B6CE25}_000013 ,MUM-LAP-1422,
2023-09-08 11:39:49,C:\Program Files\Fortinet\FortiClient\FortiProxy.exe,FortiProxy.exe -s FC_{73EFB30F-1CAD-4a7a-AE2E-150282B6CE25}_000013 ,MUM-LAP-1422,
2023-09-08 11:38:33,C:\Program Files\Fortinet\FortiClient\FortiProxy.exe,FortiProxy.exe -s FC_{73EFB30F-1CAD-4a7a-AE2E-150282B6CE25}_000013 ,MUM-LAP-1422,
2023-09-08 11:37:02,C:\Program Files\Fortinet\FortiClient\FortiProxy.exe,FortiProxy.exe -s FC_{73EFB30F-1CAD-4a7a-AE2E-150282B6CE25}_000013 ,MUM-LAP-1422,
2023-09-08 11:35:37,C:\Program Files\Fortinet\FortiClient\FortiProxy.exe,FortiProxy.exe -s FC_{73EFB30F-1CAD-4a7a-AE2E-150282B6CE25}_000013 ,MUM-LAP-1422,
2023-09-08 11:34:11,C:\Program Files\Fortinet\FortiClient\FortiProxy.exe,FortiProxy.exe -s FC_{73EFB30F-1CAD-4a7a-AE2E-150282B6CE25}_000013 ,MUM-LAP-1422,
2023-09-08 11:32:04,C:\Program Files\Fortinet\FortiClient\FortiProxy.exe,FortiProxy.exe -s FC_{73EFB30F-1CAD-4a7a-AE2E-150282B6CE25}_000013 ,MUM-LAP-1422,
2023-09-08 11:30:11,C:\Program Files\Fortinet\FortiClient\FortiProxy.exe,FortiProxy.exe -s FC_{73EFB30F-1CAD-4a7a-AE2E-150282B6CE25}_000013 ,MUM-LAP-1422,
2023-09-08 11:28:20,C:\Program Files\Fortinet\FortiClient\FortiProxy.exe,FortiProxy.exe -s FC_{73EFB30F-1CAD-4a7a-AE2E-150282B6CE25}_000013 ,MUM-LAP-1422,
2023-09-08 11:26:27,C:\Program Files\Fortinet\FortiClient\FortiProxy.exe,FortiProxy.exe -s FC_{73EFB30F-1CAD-4a7a-AE2E-150282B6CE25}_000013 ,MUM-LAP-1422,
2023-09-08 11:24:16,C:\Program Files\Fortinet\FortiClient\FortiProxy.exe,FortiProxy.exe -s FC_{73EFB30F-1CAD-4a7a-AE2E-150282B6CE25}_000013 ,MUM-LAP-1422,
2023-09-08 11:22:08,C:\Program Files\Fortinet\FortiClient\FortiProxy.exe,FortiProxy.exe -s FC_{73EFB30F-1CAD-4a7a-AE2E-150282B6CE25}_000013 ,MUM-LAP-1422,
2023-09-08 11:20:09,C:\Program Files\Fortinet\FortiClient\FortiProxy.exe,FortiProxy.exe -s FC_{73EFB30F-1CAD-4a7a-AE2E-150282B6CE25}_000013 ,MUM-LAP-1422,
2023-09-08 11:18:11,C:\Program Files\Fortinet\FortiClient\FortiProxy.exe,FortiProxy.exe -s FC_{73EFB30F-1CAD-4a7a-AE2E-150282B6CE25}_000013 ,MUM-LAP-1422,
2023-09-08 11:16:17,C:\Program Files\Fortinet\FortiClient\FortiProxy.exe,FortiProxy.exe -s FC_{73EFB30F-1CAD-4a7a-AE2E-150282B6CE25}_000013 ,MUM-LAP-1422,
2023-09-08 11:14:18,C:\Program Files\Fortinet\FortiClient\FortiProxy.exe,FortiProxy.exe -s FC_{73EFB30F-1CAD-4a7a-AE2E-150282B6CE25}_000013 ,MUM-LAP-1422,
2023-09-08 11:12:28,C:\Program Files\Fortinet\FortiClient\FortiProxy.exe,FortiProxy.exe -s FC_{73EFB30F-1CAD-4a7a-AE2E-150282B6CE25}_000013 ,MUM-LAP-1422,
2023-09-08 11:10:32,C:\Program Files\Fortinet\FortiClient\FortiProxy.exe,FortiProxy.exe -s FC_{73EFB30F-1CAD-4a7a-AE2E-150282B6CE25}_000013 ,MUM-LAP-1422,
2023-09-08 11:08:36,C:\Program Files\Fortinet\FortiClient\FortiProxy.exe,FortiProxy.exe -s FC_{73EFB30F-1CAD-4a7a-AE2E-150282B6CE25}_000013 ,MUM-LAP-1422,
2023-09-08 11:06:35,C:\Program Files\Fortinet\FortiClient\FortiProxy.exe,FortiProxy.exe -s FC_{73EFB30F-1CAD-4a7a-AE2E-150282B6CE25}_000013 ,MUM-LAP-1422,
2023-09-08 11:04:42,C:\Program Files\Fortinet\FortiClient\FortiProxy.exe,FortiProxy.exe -s FC_{73EFB30F-1CAD-4a7a-AE2E-150282B6CE25}_000013 ,MUM-LAP-1422,
2023-09-08 11:03:29,C:\Program Files\Fortinet\FortiClient\FortiProxy.exe,FortiProxy.exe -s FC_{73EFB30F-1CAD-4a7a-AE2E-150282B6CE25}_000013 ,MUM-LAP-1176,"""C:\Program Files\Fortinet\FortiClient\scheduler.exe"""
2023-09-08 11:02:39,C:\Program Files\Fortinet\FortiClient\FortiProxy.exe,FortiProxy.exe -s FC_{73EFB30F-1CAD-4a7a-AE2E-150282B6CE25}_000013 ,MUM-LAP-1422,
2023-09-08 11:02:36,C:\Program Files\Fortinet\FortiClient\FortiProxy.exe,FortiProxy.exe -s FC_{73EFB30F-1CAD-4a7a-AE2E-150282B6CE25}_000013 ,MUM-LAP-1176,"""C:\Program Files\Fortinet\FortiClient\scheduler.exe"""
2023-09-08 11:02:35,C:\Program Files\Fortinet\FortiClient\FortiProxy.exe,FortiProxy.exe -s FC_{73EFB30F-1CAD-4a7a-AE2E-150282B6CE25}_000013 ,MUM-LAP-1176,"""C:\Program Files\Fortinet\FortiClient\scheduler.exe"""
2023-09-08 11:00:31,C:\Program Files\Fortinet\FortiClient\FortiProxy.exe,FortiProxy.exe -s FC_{73EFB30F-1CAD-4a7a-AE2E-150282B6CE25}_000013 ,MUM-LAP-1422,
2023-09-08 10:58:24,C:\Program Files\Fortinet\FortiClient\FortiProxy.exe,FortiProxy.exe -s FC_{73EFB30F-1CAD-4a7a-AE2E-150282B6CE25}_000013 ,MUM-LAP-1422,
2023-09-08 10:56:23,C:\Program Files\Fortinet\FortiClient\FortiProxy.exe,FortiProxy.exe -s FC_{73EFB30F-1CAD-4a7a-AE2E-150282B6CE25}_000013 ,MUM-LAP-1422,
2023-09-08 10:54:22,C:\Program Files\Fortinet\FortiClient\FortiProxy.exe,FortiProxy.exe -s FC_{73EFB30F-1CAD-4a7a-AE2E-150282B6CE25}_000013 ,MUM-LAP-1422,
2023-09-08 10:52:21,C:\Program Files\Fortinet\FortiClient\FortiProxy.exe,FortiProxy.exe -s FC_{73EFB30F-1CAD-4a7a-AE2E-150282B6CE25}_000013 ,MUM-LAP-1422,
2023-09-08 10:50:26,C:\Program Files\Fortinet\FortiClient\FortiProxy.exe,FortiProxy.exe -s FC_{73EFB30F-1CAD-4a7a-AE2E-150282B6CE25}_000013 ,MUM-LAP-1422,
2023-09-08 10:48:28,C:\Program Files\Fortinet\FortiClient\FortiProxy.exe,FortiProxy.exe -s FC_{73EFB30F-1CAD-4a7a-AE2E-150282B6CE25}_000013 ,MUM-LAP-1422,
2023-09-08 10:48:18,C:\Program Files\Fortinet\FortiClient\FortiProxy.exe,FortiProxy.exe -s FC_{73EFB30F-1CAD-4a7a-AE2E-150282B6CE25}_000013 ,MUM-LAP-1327,"""C:\Program Files\Fortinet\FortiClient\scheduler.exe"""
2023-09-08 10:48:17,C:\Program Files\Fortinet\FortiClient\FortiProxy.exe,FortiProxy.exe -s FC_{73EFB30F-1CAD-4a7a-AE2E-150282B6CE25}_000013 ,MUM-LAP-1327,"""C:\Program Files\Fortinet\FortiClient\scheduler.exe"""
2023-09-08 10:48:17,C:\Program Files\Fortinet\FortiClient\FortiProxy.exe,FortiProxy.exe -s FC_{73EFB30F-1CAD-4a7a-AE2E-150282B6CE25}_000013 ,MUM-LAP-1327,"""C:\Program Files\Fortinet\FortiClient\scheduler.exe"""
2023-09-08 10:46:25,C:\Program Files\Fortinet\FortiClient\FortiProxy.exe,FortiProxy.exe -s FC_{73EFB30F-1CAD-4a7a-AE2E-150282B6CE25}_000013 ,MUM-LAP-1422,
2023-09-08 10:44:27,C:\Program Files\Fortinet\FortiClient\FortiProxy.exe,FortiProxy.exe -s FC_{73EFB30F-1CAD-4a7a-AE2E-150282B6CE25}_000013 ,MUM-LAP-1422,
2023-09-08 10:42:32,C:\Program Files\Fortinet\FortiClient\FortiProxy.exe,FortiProxy.exe -s FC_{73EFB30F-1CAD-4a7a-AE2E-150282B6CE25}_000013 ,MUM-LAP-1422,
2023-09-08 10:40:34,C:\Program Files\Fortinet\FortiClient\FortiProxy.exe,FortiProxy.exe -s FC_{73EFB30F-1CAD-4a7a-AE2E-150282B6CE25}_000013 ,MUM-LAP-1176,"""C:\Program Files\Fortinet\FortiClient\scheduler.exe"""
2023-09-08 10:40:34,C:\Program Files\Fortinet\FortiClient\FortiProxy.exe,FortiProxy.exe -s FC_{73EFB30F-1CAD-4a7a-AE2E-150282B6CE25}_000013 ,MUM-LAP-1176,"""C:\Program Files\Fortinet\FortiClient\scheduler.exe"""
2023-09-08 10:40:29,C:\Program Files\Fortinet\FortiClient\FortiProxy.exe,FortiProxy.exe -s FC_{73EFB30F-1CAD-4a7a-AE2E-150282B6CE25}_000013 ,MUM-LAP-1422,
2023-09-08 10:38:42,C:\Program Files\Fortinet\FortiClient\FortiProxy.exe,FortiProxy.exe -s FC_{73EFB30F-1CAD-4a7a-AE2E-150282B6CE25}_000013 ,MUM-LAP-1422,
2023-09-08 10:37:42,C:\Program Files\Fortinet\FortiClient\FortiProxy.exe,FortiProxy.exe -s FC_{73EFB30F-1CAD-4a7a-AE2E-150282B6CE25}_000013 ,MUM-LAP-1327,"""C:\Program Files\Fortinet\FortiClient\scheduler.exe"""
2023-09-08 10:37:42,C:\Program Files\Fortinet\FortiClient\FortiProxy.exe,FortiProxy.exe -s FC_{73EFB30F-1CAD-4a7a-AE2E-150282B6CE25}_000013 ,MUM-LAP-1327,"""C:\Program Files\Fortinet\FortiClient\scheduler.exe"""
2023-09-08 10:37:26,C:\Windows\System32\svchost.exe,C:\windows\system32\svchost.exe -k LocalSystemNetworkRestricted -p -s SysMain,MUM-LAP-1327,C:\windows\system32\services.exe
2023-09-08 10:37:25,C:\Program Files\Fortinet\FortiClient\FortiProxy.exe,FortiProxy.exe -s FC_{73EFB30F-1CAD-4a7a-AE2E-150282B6CE25}_000013 ,MUM-LAP-1327,"""C:\Program Files\Fortinet\FortiClient\scheduler.exe"""
2023-09-08 10:36:54,C:\Program Files\Fortinet\FortiClient\FortiProxy.exe,FortiProxy.exe -s FC_{73EFB30F-1CAD-4a7a-AE2E-150282B6CE25}_000013 ,MUM-LAP-1422,
2023-09-08 10:35:17,C:\Program Files\Fortinet\FortiClient\FortiProxy.exe,FortiProxy.exe -s FC_{73EFB30F-1CAD-4a7a-AE2E-150282B6CE25}_000013 ,MUM-LAP-1422,
2023-09-08 10:33:30,C:\Program Files\Fortinet\FortiClient\FortiProxy.exe,FortiProxy.exe -s FC_{73EFB30F-1CAD-4a7a-AE2E-150282B6CE25}_000013 ,MUM-LAP-1422,
2023-09-08 10:31:42,C:\Program Files\Fortinet\FortiClient\FortiProxy.exe,FortiProxy.exe -s FC_{73EFB30F-1CAD-4a7a-AE2E-150282B6CE25}_000013 ,MUM-LAP-1422,
2023-09-08 10:29:59,C:\Program Files\Fortinet\FortiClient\FortiProxy.exe,FortiProxy.exe -s FC_{73EFB30F-1CAD-4a7a-AE2E-150282B6CE25}_000013 ,MUM-LAP-1422,
2023-09-08 10:28:07,C:\Program Files\Fortinet\FortiClient\FortiProxy.exe,FortiProxy.exe -s FC_{73EFB30F-1CAD-4a7a-AE2E-150282B6CE25}_000013 ,MUM-LAP-1422,
2023-09-08 10:26:14,C:\Program Files\Fortinet\FortiClient\FortiProxy.exe,FortiProxy.exe -s FC_{73EFB30F-1CAD-4a7a-AE2E-150282B6CE25}_000013 ,MUM-LAP-1422,
2023-09-08 10:24:16,C:\Program Files\Fortinet\FortiClient\FortiProxy.exe,FortiProxy.exe -s FC_{73EFB30F-1CAD-4a7a-AE2E-150282B6CE25}_000013 ,MUM-LAP-1422,
2023-09-08 10:22:22,C:\Program Files\Fortinet\FortiClient\FortiProxy.exe,FortiProxy.exe -s FC_{73EFB30F-1CAD-4a7a-AE2E-150282B6CE25}_000013 ,MUM-LAP-1422,
2023-09-08 10:20:36,C:\Program Files\Fortinet\FortiClient\FortiProxy.exe,FortiProxy.exe -s FC_{73EFB30F-1CAD-4a7a-AE2E-150282B6CE25}_000013 ,MUM-LAP-1422,
2023-09-08 10:18:34,C:\Program Files\Fortinet\FortiClient\FortiProxy.exe,FortiProxy.exe -s FC_{73EFB30F-1CAD-4a7a-AE2E-150282B6CE25}_000013 ,MUM-LAP-1422,
2023-09-08 10:16:43,C:\Program Files\Fortinet\FortiClient\FortiProxy.exe,FortiProxy.exe -s FC_{73EFB30F-1CAD-4a7a-AE2E-150282B6CE25}_000013 ,MUM-LAP-1422,
2023-09-08 10:14:56,C:\Program Files\Fortinet\FortiClient\FortiProxy.exe,FortiProxy.exe -s FC_{73EFB30F-1CAD-4a7a-AE2E-150282B6CE25}_000013 ,MUM-LAP-1422,
2023-09-08 10:13:09,C:\Program Files\Fortinet\FortiClient\FortiProxy.exe,FortiProxy.exe -s FC_{73EFB30F-1CAD-4a7a-AE2E-150282B6CE25}_000013 ,MUM-LAP-1422,
2023-09-08 10:11:15,C:\Program Files\Fortinet\FortiClient\FortiProxy.exe,FortiProxy.exe -s FC_{73EFB30F-1CAD-4a7a-AE2E-150282B6CE25}_000013 ,MUM-LAP-1422,
2023-09-08 10:09:15,C:\Program Files\Fortinet\FortiClient\FortiProxy.exe,FortiProxy.exe -s FC_{73EFB30F-1CAD-4a7a-AE2E-150282B6CE25}_000013 ,MUM-LAP-1422,
2023-09-08 10:07:55,C:\Program Files\Fortinet\FortiClient\FortiProxy.exe,FortiProxy.exe -s FC_{73EFB30F-1CAD-4a7a-AE2E-150282B6CE25}_000013 ,AIR-LAP-700128,"""C:\Program Files\Fortinet\FortiClient\scheduler.exe"""
2023-09-08 10:07:54,C:\Program Files\Fortinet\FortiClient\FortiProxy.exe,FortiProxy.exe -s FC_{73EFB30F-1CAD-4a7a-AE2E-150282B6CE25}_000013 ,AIR-LAP-700128,"""C:\Program Files\Fortinet\FortiClient\scheduler.exe"""
2023-09-08 10:07:54,C:\Program Files\Fortinet\FortiClient\FortiProxy.exe,FortiProxy.exe -s FC_{73EFB30F-1CAD-4a7a-AE2E-150282B6CE25}_000013 ,AIR-LAP-700128,"""C:\Program Files\Fortinet\FortiClient\scheduler.exe"""
2023-09-08 10:07:29,C:\Program Files\Fortinet\FortiClient\FortiProxy.exe,FortiProxy.exe -s FC_{73EFB30F-1CAD-4a7a-AE2E-150282B6CE25}_000013 ,MUM-LAP-1422,
2023-09-08 10:06:12,C:\Program Files\Fortinet\FortiClient\FortiProxy.exe,FortiProxy.exe -s FC_{73EFB30F-1CAD-4a7a-AE2E-150282B6CE25}_000013 ,MUM-LAP-1222,
2023-09-08 10:05:34,C:\Program Files\Fortinet\FortiClient\FortiProxy.exe,FortiProxy.exe -s FC_{73EFB30F-1CAD-4a7a-AE2E-150282B6CE25}_000013 ,MUM-LAP-1422,
2023-09-08 10:05:18,C:\Program Files\Fortinet\FortiClient\FortiProxy.exe,FortiProxy.exe -s FC_{73EFB30F-1CAD-4a7a-AE2E-150282B6CE25}_000013 ,MUM-LAP-1222,
2023-09-08 10:03:40,C:\Program Files\Fortinet\FortiClient\FortiProxy.exe,FortiProxy.exe -s FC_{73EFB30F-1CAD-4a7a-AE2E-150282B6CE25}_000013 ,MUM-LAP-1422,
2023-09-08 10:03:39,C:\Program Files\Fortinet\FortiClient\FortiProxy.exe,FortiProxy.exe -s FC_{73EFB30F-1CAD-4a7a-AE2E-150282B6CE25}_000013 ,MUM-LAP-1222,
2023-09-08 10:02:07,C:\Program Files\Fortinet\FortiClient\FortiProxy.exe,FortiProxy.exe -s FC_{73EFB30F-1CAD-4a7a-AE2E-150282B6CE25}_000013 ,MUM-LAP-1222,
2023-09-08 10:01:48,C:\Program Files\Fortinet\FortiClient\FortiProxy.exe,FortiProxy.exe -s FC_{73EFB30F-1CAD-4a7a-AE2E-150282B6CE25}_000013 ,MUM-LAP-1422,
2023-09-08 10:00:29,C:\Program Files\Fortinet\FortiClient\FortiProxy.exe,FortiProxy.exe -s FC_{73EFB30F-1CAD-4a7a-AE2E-150282B6CE25}_000013 ,MUM-LAP-1222,
2023-09-08 09:59:55,C:\Program Files\Fortinet\FortiClient\FortiProxy.exe,FortiProxy.exe -s FC_{73EFB30F-1CAD-4a7a-AE2E-150282B6CE25}_000013 ,MUM-LAP-1422,
2023-09-08 09:58:48,C:\Program Files\Fortinet\FortiClient\FortiProxy.exe,FortiProxy.exe -s FC_{73EFB30F-1CAD-4a7a-AE2E-150282B6CE25}_000013 ,MUM-LAP-1222,
2023-09-08 09:58:02,C:\Program Files\Fortinet\FortiClient\FortiProxy.exe,FortiProxy.exe -s FC_{73EFB30F-1CAD-4a7a-AE2E-150282B6CE25}_000013 ,MUM-LAP-1422,
2023-09-08 09:57:11,C:\Program Files\Fortinet\FortiClient\FortiProxy.exe,FortiProxy.exe -s FC_{73EFB30F-1CAD-4a7a-AE2E-150282B6CE25}_000013 ,MUM-LAP-1222,
2023-09-08 09:56:51,C:\Program Files\Fortinet\FortiClient\FortiProxy.exe,FortiProxy.exe -s FC_{73EFB30F-1CAD-4a7a-AE2E-150282B6CE25}_000013 ,MUM-LAP-1421,"""C:\Program Files\Fortinet\FortiClient\scheduler.exe"""
2023-09-08 09:56:51,C:\Program Files\Fortinet\FortiClient\FortiProxy.exe,FortiProxy.exe -s FC_{73EFB30F-1CAD-4a7a-AE2E-150282B6CE25}_000013 ,MUM-LAP-1421,"""C:\Program Files\Fortinet\FortiClient\scheduler.exe"""
2023-09-08 09:56:50,C:\Program Files\Fortinet\FortiClient\FortiProxy.exe,FortiProxy.exe -s FC_{73EFB30F-1CAD-4a7a-AE2E-150282B6CE25}_000013 ,MUM-LAP-1421,"""C:\Program Files\Fortinet\FortiClient\scheduler.exe"""
2023-09-08 09:56:13,C:\Program Files\Fortinet\FortiClient\FortiProxy.exe,FortiProxy.exe -s FC_{73EFB30F-1CAD-4a7a-AE2E-150282B6CE25}_000013 ,MUM-LAP-1422,
2023-09-08 09:55:13,C:\Program Files\Fortinet\FortiClient\FortiProxy.exe,FortiProxy.exe -s FC_{73EFB30F-1CAD-4a7a-AE2E-150282B6CE25}_000013 ,MUM-LAP-1176,"""C:\Program Files\Fortinet\FortiClient\scheduler.exe"""
2023-09-08 09:55:07,C:\Program Files\Fortinet\FortiClient\FortiProxy.exe,FortiProxy.exe -s FC_{73EFB30F-1CAD-4a7a-AE2E-150282B6CE25}_000013 ,MUM-LAP-1222,
2023-09-08 09:54:37,C:\Program Files\Fortinet\FortiClient\FortiProxy.exe,FortiProxy.exe -s FC_{73EFB30F-1CAD-4a7a-AE2E-150282B6CE25}_000013 ,MUM-LAP-1422,
2023-09-08 09:54:20,C:\Program Files\Fortinet\FortiClient\FortiProxy.exe,FortiProxy.exe -s FC_{73EFB30F-1CAD-4a7a-AE2E-150282B6CE25}_000013 ,MUM-LAP-1176,"""C:\Program Files\Fortinet\FortiClient\scheduler.exe"""
2023-09-08 09:54:20,C:\Program Files\Fortinet\FortiClient\FortiProxy.exe,FortiProxy.exe -s FC_{73EFB30F-1CAD-4a7a-AE2E-150282B6CE25}_000013 ,MUM-LAP-1176,"""C:\Program Files\Fortinet\FortiClient\scheduler.exe"""
2023-09-08 09:53:12,C:\Program Files\Fortinet\FortiClient\FortiProxy.exe,FortiProxy.exe -s FC_{73EFB30F-1CAD-4a7a-AE2E-150282B6CE25}_000013 ,MUM-LAP-1516,"""C:\Program Files\Fortinet\FortiClient\scheduler.exe"""
2023-09-08 09:53:11,C:\Program Files\Fortinet\FortiClient\FortiProxy.exe,FortiProxy.exe -s FC_{73EFB30F-1CAD-4a7a-AE2E-150282B6CE25}_000013 ,MUM-LAP-1516,"""C:\Program Files\Fortinet\FortiClient\scheduler.exe"""
2023-09-08 09:53:07,C:\Program Files\Fortinet\FortiClient\FortiProxy.exe,FortiProxy.exe -s FC_{73EFB30F-1CAD-4a7a-AE2E-150282B6CE25}_000013 ,MUM-LAP-1222,
2023-09-08 09:52:48,C:\Program Files\Fortinet\FortiClient\FortiProxy.exe,FortiProxy.exe -s FC_{73EFB30F-1CAD-4a7a-AE2E-150282B6CE25}_000013 ,MUM-LAP-1422,
2023-09-08 09:51:15,C:\Program Files\Fortinet\FortiClient\FortiProxy.exe,FortiProxy.exe -s FC_{73EFB30F-1CAD-4a7a-AE2E-150282B6CE25}_000013 ,MUM-LAP-1222,
2023-09-08 09:50:55,C:\Program Files\Fortinet\FortiClient\FortiProxy.exe,FortiProxy.exe -s FC_{73EFB30F-1CAD-4a7a-AE2E-150282B6CE25}_000013 ,MUM-LAP-1422,
2023-09-08 09:49:53,C:\Program Files\Fortinet\FortiClient\FortiProxy.exe,FortiProxy.exe -s FC_{73EFB30F-1CAD-4a7a-AE2E-150282B6CE25}_000013 ,MUM-LAP-1176,"""C:\Program Files\Fortinet\FortiClient\scheduler.exe"""
2023-09-08 09:49:53,C:\Program Files\Fortinet\FortiClient\FortiProxy.exe,FortiProxy.exe -s FC_{73EFB30F-1CAD-4a7a-AE2E-150282B6CE25}_000013 ,MUM-LAP-1176,"""C:\Program Files\Fortinet\FortiClient\scheduler.exe"""
2023-09-08 09:49:17,C:\Program Files\Fortinet\FortiClient\FortiProxy.exe,FortiProxy.exe -s FC_{73EFB30F-1CAD-4a7a-AE2E-150282B6CE25}_000013 ,MUM-LAP-1222,
2023-09-08 09:49:14,C:\Program Files\Fortinet\FortiClient\FortiProxy.exe,FortiProxy.exe -s FC_{73EFB30F-1CAD-4a7a-AE2E-150282B6CE25}_000013 ,MUM-LAP-1422,
2023-09-08 09:47:32,C:\Program Files\Fortinet\FortiClient\FortiProxy.exe,FortiProxy.exe -s FC_{73EFB30F-1CAD-4a7a-AE2E-150282B6CE25}_000013 ,MUM-LAP-1422,
2023-09-08 09:47:27,C:\Program Files\Fortinet\FortiClient\FortiProxy.exe,FortiProxy.exe -s FC_{73EFB30F-1CAD-4a7a-AE2E-150282B6CE25}_000013 ,MUM-LAP-1222,
2023-09-08 09:46:00,C:\Program Files\Fortinet\FortiClient\FortiProxy.exe,FortiProxy.exe -s FC_{73EFB30F-1CAD-4a7a-AE2E-150282B6CE25}_000013 ,MUM-LAP-1222,
2023-09-08 09:45:45,C:\Program Files\Fortinet\FortiClient\FortiProxy.exe,FortiProxy.exe -s FC_{73EFB30F-1CAD-4a7a-AE2E-150282B6CE25}_000013 ,MUM-LAP-1422,
2023-09-08 09:44:28,C:\Program Files\Fortinet\FortiClient\FortiProxy.exe,FortiProxy.exe -s FC_{73EFB30F-1CAD-4a7a-AE2E-150282B6CE25}_000013 ,MUM-LAP-1222,
2023-09-08 09:44:05,C:\Program Files\Fortinet\FortiClient\FortiProxy.exe,FortiProxy.exe -s FC_{73EFB30F-1CAD-4a7a-AE2E-150282B6CE25}_000013 ,MUM-LAP-1422,
2023-09-08 09:42:42,C:\Program Files\Fortinet\FortiClient\FortiProxy.exe,FortiProxy.exe -s FC_{73EFB30F-1CAD-4a7a-AE2E-150282B6CE25}_000013 ,MUM-LAP-1222,
2023-09-08 09:42:16,C:\Program Files\Fortinet\FortiClient\FortiProxy.exe,FortiProxy.exe -s FC_{73EFB30F-1CAD-4a7a-AE2E-150282B6CE25}_000013 ,MUM-LAP-1422,
2023-09-08 09:41:06,C:\Program Files\Fortinet\FortiClient\FortiProxy.exe,FortiProxy.exe -s FC_{73EFB30F-1CAD-4a7a-AE2E-150282B6CE25}_000013 ,MUM-LAP-1222,
2023-09-08 09:40:40,C:\Program Files\Fortinet\FortiClient\FortiProxy.exe,FortiProxy.exe -s FC_{73EFB30F-1CAD-4a7a-AE2E-150282B6CE25}_000013 ,MUM-LAP-1422,
2023-09-08 09:39:20,C:\Program Files\Fortinet\FortiClient\FortiProxy.exe,FortiProxy.exe -s FC_{73EFB30F-1CAD-4a7a-AE2E-150282B6CE25}_000013 ,MUM-LAP-1222,
2023-09-08 09:38:50,C:\Program Files\Fortinet\FortiClient\FortiProxy.exe,FortiProxy.exe -s FC_{73EFB30F-1CAD-4a7a-AE2E-150282B6CE25}_000013 ,MUM-LAP-1422,
2023-09-08 09:37:38,C:\Program Files\Fortinet\FortiClient\FortiProxy.exe,FortiProxy.exe -s FC_{73EFB30F-1CAD-4a7a-AE2E-150282B6CE25}_000013 ,MUM-LAP-1222,
2023-09-08 09:37:03,C:\Program Files\Fortinet\FortiClient\FortiProxy.exe,FortiProxy.exe -s FC_{73EFB30F-1CAD-4a7a-AE2E-150282B6CE25}_000013 ,MUM-LAP-1422,
2023-09-08 09:35:59,C:\Program Files\Fortinet\FortiClient\FortiProxy.exe,FortiProxy.exe -s FC_{73EFB30F-1CAD-4a7a-AE2E-150282B6CE25}_000013 ,MUM-LAP-1222,
2023-09-08 09:35:08,C:\Program Files\Fortinet\FortiClient\FortiProxy.exe,FortiProxy.exe -s FC_{73EFB30F-1CAD-4a7a-AE2E-150282B6CE25}_000013 ,MUM-LAP-1422,
2023-09-08 09:34:26,C:\Program Files\Fortinet\FortiClient\FortiProxy.exe,FortiProxy.exe -s FC_{73EFB30F-1CAD-4a7a-AE2E-150282B6CE25}_000013 ,MUM-LAP-1222,
2023-09-08 09:33:28,C:\Program Files\Fortinet\FortiClient\FortiProxy.exe,FortiProxy.exe -s FC_{73EFB30F-1CAD-4a7a-AE2E-150282B6CE25}_000013 ,MUM-LAP-1422,
2023-09-08 09:32:42,C:\Program Files\Fortinet\FortiClient\FortiProxy.exe,FortiProxy.exe -s FC_{73EFB30F-1CAD-4a7a-AE2E-150282B6CE25}_000013 ,MUM-LAP-1222,
2023-09-08 09:32:06,C:\Program Files\Fortinet\FortiClient\FortiProxy.exe,FortiProxy.exe -s FC_{73EFB30F-1CAD-4a7a-AE2E-150282B6CE25}_000013 ,MUM-LAP-1422,
2023-09-08 09:31:51,C:\Program Files\Fortinet\FortiClient\FortiProxy.exe,FortiProxy.exe -s FC_{73EFB30F-1CAD-4a7a-AE2E-150282B6CE25}_000013 ,MUM-LAP-700266,"""C:\Program Files\Fortinet\FortiClient\scheduler.exe"""
2023-09-08 09:31:33,C:\Windows\System32\svchost.exe,C:\windows\system32\svchost.exe -k LocalSystemNetworkRestricted -p -s SysMain,MUM-LAP-700266,C:\windows\system32\services.exe
2023-09-08 09:31:23,C:\Program Files\Fortinet\FortiClient\FortiProxy.exe,FortiProxy.exe -s FC_{73EFB30F-1CAD-4a7a-AE2E-150282B6CE25}_000013 ,MUM-LAP-700266,"""C:\Program Files\Fortinet\FortiClient\scheduler.exe"""
2023-09-08 09:31:23,C:\Program Files\Fortinet\FortiClient\FortiProxy.exe,FortiProxy.exe -s FC_{73EFB30F-1CAD-4a7a-AE2E-150282B6CE25}_000013 ,MUM-LAP-700266,"""C:\Program Files\Fortinet\FortiClient\scheduler.exe"""
2023-09-08 09:31:09,C:\Program Files\Fortinet\FortiClient\FortiProxy.exe,FortiProxy.exe -s FC_{73EFB30F-1CAD-4a7a-AE2E-150282B6CE25}_000013 ,MUM-LAP-1222,
2023-09-08 09:31:00,C:\Program Files\Fortinet\FortiClient\FortiProxy.exe,FortiProxy.exe -s FC_{73EFB30F-1CAD-4a7a-AE2E-150282B6CE25}_000013 ,MUM-LAP-700266,"""C:\Program Files\Fortinet\FortiClient\scheduler.exe"""
2023-09-08 09:31:00,C:\Program Files\Fortinet\FortiClient\FortiProxy.exe,FortiProxy.exe -s FC_{73EFB30F-1CAD-4a7a-AE2E-150282B6CE25}_000013 ,MUM-LAP-700266,"""C:\Program Files\Fortinet\FortiClient\scheduler.exe"""
2023-09-08 09:30:47,C:\Program Files\Fortinet\FortiClient\FortiProxy.exe,FortiProxy.exe -s FC_{73EFB30F-1CAD-4a7a-AE2E-150282B6CE25}_000013 ,MUM-LAP-1422,
2023-09-08 09:30:42,C:\Program Files\Fortinet\FortiClient\FortiProxy.exe,FortiProxy.exe -s FC_{73EFB30F-1CAD-4a7a-AE2E-150282B6CE25}_000013 ,MUM-LAP-1176,"""C:\Program Files\Fortinet\FortiClient\scheduler.exe"""
2023-09-08 09:30:42,C:\Program Files\Fortinet\FortiClient\FortiProxy.exe,FortiProxy.exe -s FC_{73EFB30F-1CAD-4a7a-AE2E-150282B6CE25}_000013 ,MUM-LAP-1176,"""C:\Program Files\Fortinet\FortiClient\scheduler.exe"""
2023-09-08 09:30:29,C:\Program Files\Fortinet\FortiClient\FortiProxy.exe,FortiProxy.exe -s FC_{73EFB30F-1CAD-4a7a-AE2E-150282B6CE25}_000013 ,MUM-LAP-700266,"""C:\Program Files\Fortinet\FortiClient\scheduler.exe"""
2023-09-08 09:30:29,C:\Program Files\Fortinet\FortiClient\FortiProxy.exe,FortiProxy.exe -s FC_{73EFB30F-1CAD-4a7a-AE2E-150282B6CE25}_000013 ,MUM-LAP-700266,"""C:\Program Files\Fortinet\FortiClient\scheduler.exe"""
2023-09-08 09:29:29,C:\Program Files\Fortinet\FortiClient\FortiProxy.exe,FortiProxy.exe -s FC_{73EFB30F-1CAD-4a7a-AE2E-150282B6CE25}_000013 ,MUM-LAP-1222,
2023-09-08 09:29:26,C:\Program Files\Fortinet\FortiClient\FortiProxy.exe,FortiProxy.exe -s FC_{73EFB30F-1CAD-4a7a-AE2E-150282B6CE25}_000013 ,MUM-LAP-1422,
2023-09-08 09:27:59,C:\Program Files\Fortinet\FortiClient\FortiProxy.exe,FortiProxy.exe -s FC_{73EFB30F-1CAD-4a7a-AE2E-150282B6CE25}_000013 ,MUM-LAP-1422,
2023-09-08 09:27:49,C:\Program Files\Fortinet\FortiClient\FortiProxy.exe,FortiProxy.exe -s FC_{73EFB30F-1CAD-4a7a-AE2E-150282B6CE25}_000013 ,MUM-LAP-1222,
2023-09-08 09:26:37,C:\Program Files\Fortinet\FortiClient\FortiProxy.exe,FortiProxy.exe -s FC_{73EFB30F-1CAD-4a7a-AE2E-150282B6CE25}_000013 ,MUM-LAP-1422,
2023-09-08 09:25:59,C:\Program Files\Fortinet\FortiClient\FortiProxy.exe,FortiProxy.exe -s FC_{73EFB30F-1CAD-4a7a-AE2E-150282B6CE25}_000013 ,MUM-LAP-1222,
2023-09-08 09:25:14,C:\Program Files\Fortinet\FortiClient\FortiProxy.exe,FortiProxy.exe -s FC_{73EFB30F-1CAD-4a7a-AE2E-150282B6CE25}_000013 ,MUM-LAP-1422,
2023-09-08 09:24:19,C:\Program Files\Fortinet\FortiClient\FortiProxy.exe,FortiProxy.exe -s FC_{73EFB30F-1CAD-4a7a-AE2E-150282B6CE25}_000013 ,MUM-LAP-1222,
2023-09-08 09:23:48,C:\Program Files\Fortinet\FortiClient\FortiProxy.exe,FortiProxy.exe -s FC_{73EFB30F-1CAD-4a7a-AE2E-150282B6CE25}_000013 ,MUM-LAP-1422,
2023-09-08 09:22:43,C:\Program Files\Fortinet\FortiClient\FortiProxy.exe,FortiProxy.exe -s FC_{73EFB30F-1CAD-4a7a-AE2E-150282B6CE25}_000013 ,MUM-LAP-1222,
2023-09-08 09:22:23,C:\Program Files\Fortinet\FortiClient\FortiProxy.exe,FortiProxy.exe -s FC_{73EFB30F-1CAD-4a7a-AE2E-150282B6CE25}_000013 ,MUM-LAP-1422,
2023-09-08 09:21:09,C:\Program Files\Fortinet\FortiClient\FortiProxy.exe,FortiProxy.exe -s FC_{73EFB30F-1CAD-4a7a-AE2E-150282B6CE25}_000013 ,MUM-LAP-1222,
2023-09-08 09:20:59,C:\Program Files\Fortinet\FortiClient\FortiProxy.exe,FortiProxy.exe -s FC_{73EFB30F-1CAD-4a7a-AE2E-150282B6CE25}_000013 ,MUM-LAP-1422,
2023-09-08 09:19:41,C:\Program Files\Fortinet\FortiClient\FortiProxy.exe,FortiProxy.exe -s FC_{73EFB30F-1CAD-4a7a-AE2E-150282B6CE25}_000013 ,MUM-LAP-1176,"""C:\Program Files\Fortinet\FortiClient\scheduler.exe"""
2023-09-08 09:19:41,C:\Program Files\Fortinet\FortiClient\FortiProxy.exe,FortiProxy.exe -s FC_{73EFB30F-1CAD-4a7a-AE2E-150282B6CE25}_000013 ,MUM-LAP-1176,"""C:\Program Files\Fortinet\FortiClient\scheduler.exe"""
2023-09-08 09:19:36,C:\Program Files\Fortinet\FortiClient\FortiProxy.exe,FortiProxy.exe -s FC_{73EFB30F-1CAD-4a7a-AE2E-150282B6CE25}_000013 ,MUM-LAP-1422,
2023-09-08 09:19:29,C:\Program Files\Fortinet\FortiClient\FortiProxy.exe,FortiProxy.exe -s FC_{73EFB30F-1CAD-4a7a-AE2E-150282B6CE25}_000013 ,MUM-LAP-1222,
2023-09-08 09:18:14,C:\Program Files\Fortinet\FortiClient\FortiProxy.exe,FortiProxy.exe -s FC_{73EFB30F-1CAD-4a7a-AE2E-150282B6CE25}_000013 ,MUM-LAP-1422,
2023-09-08 09:17:49,C:\Program Files\Fortinet\FortiClient\FortiProxy.exe,FortiProxy.exe -s FC_{73EFB30F-1CAD-4a7a-AE2E-150282B6CE25}_000013 ,MUM-LAP-1222,
2023-09-08 09:17:30,C:\Program Files\Fortinet\FortiClient\FortiProxy.exe,FortiProxy.exe -s FC_{73EFB30F-1CAD-4a7a-AE2E-150282B6CE25}_000013 ,MUM-LAP-1266,
2023-09-08 09:16:51,C:\Program Files\Fortinet\FortiClient\FortiProxy.exe,FortiProxy.exe -s FC_{73EFB30F-1CAD-4a7a-AE2E-150282B6CE25}_000013 ,MUM-LAP-1422,
2023-09-08 09:16:14,C:\Program Files\Fortinet\FortiClient\FortiProxy.exe,FortiProxy.exe -s FC_{73EFB30F-1CAD-4a7a-AE2E-150282B6CE25}_000013 ,MUM-LAP-1222,
2023-09-08 09:15:29,C:\Program Files\Fortinet\FortiClient\FortiProxy.exe,FortiProxy.exe -s FC_{73EFB30F-1CAD-4a7a-AE2E-150282B6CE25}_000013 ,MUM-LAP-1422,
2023-09-08 09:14:37,C:\Program Files\Fortinet\FortiClient\FortiProxy.exe,FortiProxy.exe -s FC_{73EFB30F-1CAD-4a7a-AE2E-150282B6CE25}_000013 ,MUM-LAP-1222,
2023-09-08 09:14:04,C:\Program Files\Fortinet\FortiClient\FortiProxy.exe,FortiProxy.exe -s FC_{73EFB30F-1CAD-4a7a-AE2E-150282B6CE25}_000013 ,MUM-LAP-1422,
2023-09-08 09:12:59,C:\Program Files\Fortinet\FortiClient\FortiProxy.exe,FortiProxy.exe -s FC_{73EFB30F-1CAD-4a7a-AE2E-150282B6CE25}_000013 ,MUM-LAP-1222,
2023-09-08 09:12:41,C:\Program Files\Fortinet\FortiClient\FortiProxy.exe,FortiProxy.exe -s FC_{73EFB30F-1CAD-4a7a-AE2E-150282B6CE25}_000013 ,MUM-LAP-1422,
2023-09-08 09:12:30,C:\Program Files\Fortinet\FortiClient\FortiProxy.exe,FortiProxy.exe -s FC_{73EFB30F-1CAD-4a7a-AE2E-150282B6CE25}_000013 ,MUM-LAP-1266,
2023-09-08 09:11:21,C:\Program Files\Fortinet\FortiClient\FortiProxy.exe,FortiProxy.exe -s FC_{73EFB30F-1CAD-4a7a-AE2E-150282B6CE25}_000013 ,MUM-LAP-1422,
2023-09-08 09:11:09,C:\Program Files\Fortinet\FortiClient\FortiProxy.exe,FortiProxy.exe -s FC_{73EFB30F-1CAD-4a7a-AE2E-150282B6CE25}_000013 ,MUM-LAP-1222,
2023-09-08 09:09:58,C:\Program Files\Fortinet\FortiClient\FortiProxy.exe,FortiProxy.exe -s FC_{73EFB30F-1CAD-4a7a-AE2E-150282B6CE25}_000013 ,MUM-LAP-1422,
2023-09-08 09:09:16,C:\Program Files\Fortinet\FortiClient\FortiProxy.exe,FortiProxy.exe -s FC_{73EFB30F-1CAD-4a7a-AE2E-150282B6CE25}_000013 ,MUM-LAP-1222,
2023-09-08 09:08:36,C:\Program Files\Fortinet\FortiClient\FortiProxy.exe,FortiProxy.exe -s FC_{73EFB30F-1CAD-4a7a-AE2E-150282B6CE25}_000013 ,MUM-LAP-1422,
2023-09-08 09:07:30,C:\Program Files\Fortinet\FortiClient\FortiProxy.exe,FortiProxy.exe -s FC_{73EFB30F-1CAD-4a7a-AE2E-150282B6CE25}_000013 ,MUM-LAP-1266,
2023-09-08 09:07:26,C:\Program Files\Fortinet\FortiClient\FortiProxy.exe,FortiProxy.exe -s FC_{73EFB30F-1CAD-4a7a-AE2E-150282B6CE25}_000013 ,MUM-LAP-1222,
2023-09-08 09:07:18,C:\Program Files\Fortinet\FortiClient\FortiProxy.exe,FortiProxy.exe -s FC_{73EFB30F-1CAD-4a7a-AE2E-150282B6CE25}_000013 ,MUM-LAP-1422,
2023-09-08 09:05:55,C:\Program Files\Fortinet\FortiClient\FortiProxy.exe,FortiProxy.exe -s FC_{73EFB30F-1CAD-4a7a-AE2E-150282B6CE25}_000013 ,MUM-LAP-1422,
2023-09-08 09:05:34,C:\Program Files\Fortinet\FortiClient\FortiProxy.exe,FortiProxy.exe -s FC_{73EFB30F-1CAD-4a7a-AE2E-150282B6CE25}_000013 ,MUM-LAP-1222,
2023-09-08 09:04:34,C:\Program Files\Fortinet\FortiClient\FortiProxy.exe,FortiProxy.exe -s FC_{73EFB30F-1CAD-4a7a-AE2E-150282B6CE25}_000013 ,MUM-LAP-1422,
2023-09-08 09:03:39,C:\Program Files\Fortinet\FortiClient\FortiProxy.exe,FortiProxy.exe -s FC_{73EFB30F-1CAD-4a7a-AE2E-150282B6CE25}_000013 ,MUM-LAP-1222,
2023-09-08 09:03:11,C:\Program Files\Fortinet\FortiClient\FortiProxy.exe,FortiProxy.exe -s FC_{73EFB30F-1CAD-4a7a-AE2E-150282B6CE25}_000013 ,MUM-LAP-1422,
2023-09-08 09:02:30,C:\Program Files\Fortinet\FortiClient\FortiProxy.exe,FortiProxy.exe -s FC_{73EFB30F-1CAD-4a7a-AE2E-150282B6CE25}_000013 ,MUM-LAP-1266,
2023-09-08 09:01:49,C:\Program Files\Fortinet\FortiClient\FortiProxy.exe,FortiProxy.exe -s FC_{73EFB30F-1CAD-4a7a-AE2E-150282B6CE25}_000013 ,MUM-LAP-1422,
2023-09-08 09:01:46,C:\Program Files\Fortinet\FortiClient\FortiProxy.exe,FortiProxy.exe -s FC_{73EFB30F-1CAD-4a7a-AE2E-150282B6CE25}_000013 ,MUM-LAP-1222,
2023-09-08 09:01:02,C:\Program Files\Fortinet\FortiClient\FortiProxy.exe,FortiProxy.exe -s FC_{73EFB30F-1CAD-4a7a-AE2E-150282B6CE25}_000013 ,MUM-LAP-1166,
2023-09-08 09:01:00,C:\Program Files\Fortinet\FortiClient\FortiProxy.exe,FortiProxy.exe -s FC_{73EFB30F-1CAD-4a7a-AE2E-150282B6CE25}_000013 ,MUM-LAP-1166,
2023-09-08 09:01:00,C:\Program Files\Fortinet\FortiClient\FortiProxy.exe,FortiProxy.exe -s FC_{73EFB30F-1CAD-4a7a-AE2E-150282B6CE25}_000013 ,MUM-LAP-1166,
2023-09-08 09:00:24,C:\Program Files\Fortinet\FortiClient\FortiProxy.exe,FortiProxy.exe -s FC_{73EFB30F-1CAD-4a7a-AE2E-150282B6CE25}_000013 ,MUM-LAP-1422,
2023-09-08 08:59:44,C:\Program Files\Fortinet\FortiClient\FortiProxy.exe,FortiProxy.exe -s FC_{73EFB30F-1CAD-4a7a-AE2E-150282B6CE25}_000013 ,MUM-LAP-1222,
2023-09-08 08:59:04,C:\Program Files\Fortinet\FortiClient\FortiProxy.exe,FortiProxy.exe -s FC_{73EFB30F-1CAD-4a7a-AE2E-150282B6CE25}_000013 ,MUM-LAP-1422,
2023-09-08 08:58:41,C:\Program Files\Fortinet\FortiClient\FortiProxy.exe,FortiProxy.exe -s FC_{73EFB30F-1CAD-4a7a-AE2E-150282B6CE25}_000013 ,MUM-LAP-1166,"""C:\Program Files\Fortinet\FortiClient\scheduler.exe"""
2023-09-08 08:58:40,C:\Program Files\Fortinet\FortiClient\FortiProxy.exe,FortiProxy.exe -s FC_{73EFB30F-1CAD-4a7a-AE2E-150282B6CE25}_000013 ,MUM-LAP-1166,"""C:\Program Files\Fortinet\FortiClient\scheduler.exe"""
2023-09-08 08:58:39,C:\Program Files\Fortinet\FortiClient\FortiProxy.exe,FortiProxy.exe -s FC_{73EFB30F-1CAD-4a7a-AE2E-150282B6CE25}_000013 ,MUM-LAP-1166,"""C:\Program Files\Fortinet\FortiClient\scheduler.exe"""
2023-09-08 08:57:59,C:\Program Files\Fortinet\FortiClient\FortiProxy.exe,FortiProxy.exe -s FC_{73EFB30F-1CAD-4a7a-AE2E-150282B6CE25}_000013 ,MUM-LAP-1222,
2023-09-08 08:57:43,C:\Program Files\Fortinet\FortiClient\FortiProxy.exe,FortiProxy.exe -s FC_{73EFB30F-1CAD-4a7a-AE2E-150282B6CE25}_000013 ,MUM-LAP-1422,
2023-09-08 08:57:28,C:\Program Files\Fortinet\FortiClient\FortiProxy.exe,FortiProxy.exe -s FC_{73EFB30F-1CAD-4a7a-AE2E-150282B6CE25}_000013 ,MUM-LAP-1266,
2023-09-08 08:56:20,C:\Program Files\Fortinet\FortiClient\FortiProxy.exe,FortiProxy.exe -s FC_{73EFB30F-1CAD-4a7a-AE2E-150282B6CE25}_000013 ,MUM-LAP-1422,
2023-09-08 08:56:14,C:\Program Files\Fortinet\FortiClient\FortiProxy.exe,FortiProxy.exe -s FC_{73EFB30F-1CAD-4a7a-AE2E-150282B6CE25}_000013 ,MUM-LAP-1222,
2023-09-08 08:54:58,C:\Program Files\Fortinet\FortiClient\FortiProxy.exe,FortiProxy.exe -s FC_{73EFB30F-1CAD-4a7a-AE2E-150282B6CE25}_000013 ,MUM-LAP-1422,
2023-09-08 08:54:03,C:\Program Files\Fortinet\FortiClient\FortiProxy.exe,FortiProxy.exe -s FC_{73EFB30F-1CAD-4a7a-AE2E-150282B6CE25}_000013 ,MUM-LAP-1222,
2023-09-08 08:53:49,C:\Program Files\Fortinet\FortiClient\FortiProxy.exe,FortiProxy.exe -s FC_{73EFB30F-1CAD-4a7a-AE2E-150282B6CE25}_000013 ,MUM-LAP-1266,
2023-09-08 08:53:36,C:\Program Files\Fortinet\FortiClient\FortiProxy.exe,FortiProxy.exe -s FC_{73EFB30F-1CAD-4a7a-AE2E-150282B6CE25}_000013 ,MUM-LAP-1422,
2023-09-08 08:52:16,C:\Program Files\Fortinet\FortiClient\FortiProxy.exe,FortiProxy.exe -s FC_{73EFB30F-1CAD-4a7a-AE2E-150282B6CE25}_000013 ,MUM-LAP-1422,
2023-09-08 08:51:54,C:\Program Files\Fortinet\FortiClient\FortiProxy.exe,FortiProxy.exe -s FC_{73EFB30F-1CAD-4a7a-AE2E-150282B6CE25}_000013 ,MUM-LAP-1222,
2023-09-08 08:50:55,C:\Program Files\Fortinet\FortiClient\FortiProxy.exe,FortiProxy.exe -s FC_{73EFB30F-1CAD-4a7a-AE2E-150282B6CE25}_000013 ,MUM-LAP-1422,
2023-09-08 08:49:52,C:\Program Files\Fortinet\FortiClient\FortiProxy.exe,FortiProxy.exe -s FC_{73EFB30F-1CAD-4a7a-AE2E-150282B6CE25}_000013 ,MUM-LAP-1222,
2023-09-08 08:49:33,C:\Program Files\Fortinet\FortiClient\FortiProxy.exe,FortiProxy.exe -s FC_{73EFB30F-1CAD-4a7a-AE2E-150282B6CE25}_000013 ,MUM-LAP-1422,
2023-09-08 08:48:49,C:\Program Files\Fortinet\FortiClient\FortiProxy.exe,FortiProxy.exe -s FC_{73EFB30F-1CAD-4a7a-AE2E-150282B6CE25}_000013 ,MUM-LAP-1266,
2023-09-08 08:48:13,C:\Program Files\Fortinet\FortiClient\FortiProxy.exe,FortiProxy.exe -s FC_{73EFB30F-1CAD-4a7a-AE2E-150282B6CE25}_000013 ,MUM-LAP-1422,
2023-09-08 08:47:49,C:\Program Files\Fortinet\FortiClient\FortiProxy.exe,FortiProxy.exe -s FC_{73EFB30F-1CAD-4a7a-AE2E-150282B6CE25}_000013 ,MUM-LAP-1222,
2023-09-08 08:46:48,C:\Program Files\Fortinet\FortiClient\FortiProxy.exe,FortiProxy.exe -s FC_{73EFB30F-1CAD-4a7a-AE2E-150282B6CE25}_000013 ,MUM-LAP-1422,
2023-09-08 08:46:04,C:\Program Files\Fortinet\FortiClient\FortiProxy.exe,FortiProxy.exe -s FC_{73EFB30F-1CAD-4a7a-AE2E-150282B6CE25}_000013 ,MUM-LAP-1222,
2023-09-08 08:45:56,C:\Program Files\Fortinet\FortiClient\FortiProxy.exe,FortiProxy.exe -s FC_{73EFB30F-1CAD-4a7a-AE2E-150282B6CE25}_000013 ,MUM-LAP-1171,"""C:\Program Files\Fortinet\FortiClient\scheduler.exe"""
2023-09-08 08:45:56,C:\Program Files\Fortinet\FortiClient\FortiProxy.exe,FortiProxy.exe -s FC_{73EFB30F-1CAD-4a7a-AE2E-150282B6CE25}_000013 ,MUM-LAP-1171,"""C:\Program Files\Fortinet\FortiClient\scheduler.exe"""
2023-09-08 08:45:54,C:\Program Files\Fortinet\FortiClient\FortiProxy.exe,FortiProxy.exe -s FC_{73EFB30F-1CAD-4a7a-AE2E-150282B6CE25}_000013 ,MUM-LAP-1171,"""C:\Program Files\Fortinet\FortiClient\scheduler.exe"""
2023-09-08 08:45:31,C:\Program Files\Fortinet\FortiClient\FortiProxy.exe,FortiProxy.exe -s FC_{73EFB30F-1CAD-4a7a-AE2E-150282B6CE25}_000013 ,MUM-LAP-1422,
2023-09-08 08:44:14,C:\Program Files\Fortinet\FortiClient\FortiProxy.exe,FortiProxy.exe -s FC_{73EFB30F-1CAD-4a7a-AE2E-150282B6CE25}_000013 ,MUM-LAP-1222,
2023-09-08 08:44:07,C:\Program Files\Fortinet\FortiClient\FortiProxy.exe,FortiProxy.exe -s FC_{73EFB30F-1CAD-4a7a-AE2E-150282B6CE25}_000013 ,MUM-LAP-1422,
2023-09-08 08:43:49,C:\Program Files\Fortinet\FortiClient\FortiProxy.exe,FortiProxy.exe -s FC_{73EFB30F-1CAD-4a7a-AE2E-150282B6CE25}_000013 ,MUM-LAP-1266,
2023-09-08 08:42:45,C:\Program Files\Fortinet\FortiClient\FortiProxy.exe,FortiProxy.exe -s FC_{73EFB30F-1CAD-4a7a-AE2E-150282B6CE25}_000013 ,MUM-LAP-1422,
2023-09-08 08:42:13,C:\Program Files\Fortinet\FortiClient\FortiProxy.exe,FortiProxy.exe -s FC_{73EFB30F-1CAD-4a7a-AE2E-150282B6CE25}_000013 ,MUM-LAP-1222,
2023-09-08 08:41:47,C:\Program Files\Fortinet\FortiClient\FortiProxy.exe,FortiProxy.exe -s FC_{73EFB30F-1CAD-4a7a-AE2E-150282B6CE25}_000013 ,MUM-LAP-700266,"""C:\Program Files\Fortinet\FortiClient\scheduler.exe"""
2023-09-08 08:41:47,C:\Program Files\Fortinet\FortiClient\FortiProxy.exe,FortiProxy.exe -s FC_{73EFB30F-1CAD-4a7a-AE2E-150282B6CE25}_000013 ,MUM-LAP-700266,"""C:\Program Files\Fortinet\FortiClient\scheduler.exe"""
2023-09-08 08:41:24,C:\Program Files\Fortinet\FortiClient\FortiProxy.exe,FortiProxy.exe -s FC_{73EFB30F-1CAD-4a7a-AE2E-150282B6CE25}_000013 ,MUM-LAP-1422,
2023-09-08 08:40:30,C:\Program Files\Fortinet\FortiClient\FortiProxy.exe,FortiProxy.exe -s FC_{73EFB30F-1CAD-4a7a-AE2E-150282B6CE25}_000013 ,MUM-LAP-700266,"""C:\Program Files\Fortinet\FortiClient\scheduler.exe"""
2023-09-08 08:40:30,C:\Program Files\Fortinet\FortiClient\FortiProxy.exe,FortiProxy.exe -s FC_{73EFB30F-1CAD-4a7a-AE2E-150282B6CE25}_000013 ,MUM-LAP-700266,"""C:\Program Files\Fortinet\FortiClient\scheduler.exe"""
2023-09-08 08:40:18,C:\Program Files\Fortinet\FortiClient\FortiProxy.exe,FortiProxy.exe -s FC_{73EFB30F-1CAD-4a7a-AE2E-150282B6CE25}_000013 ,MUM-LAP-1222,
2023-09-08 08:40:02,C:\Program Files\Fortinet\FortiClient\FortiProxy.exe,FortiProxy.exe -s FC_{73EFB30F-1CAD-4a7a-AE2E-150282B6CE25}_000013 ,MUM-LAP-1422,
2023-09-08 08:39:53,C:\Program Files\Fortinet\FortiClient\FortiProxy.exe,FortiProxy.exe -s FC_{73EFB30F-1CAD-4a7a-AE2E-150282B6CE25}_000013 ,MUM-LAP-1266,"""C:\Program Files\Fortinet\FortiClient\scheduler.exe"""
2023-09-08 08:39:53,C:\Program Files\Fortinet\FortiClient\FortiProxy.exe,FortiProxy.exe -s FC_{73EFB30F-1CAD-4a7a-AE2E-150282B6CE25}_000013 ,MUM-LAP-1266,"""C:\Program Files\Fortinet\FortiClient\scheduler.exe"""
2023-09-08 08:39:53,C:\Program Files\Fortinet\FortiClient\FortiProxy.exe,FortiProxy.exe -s FC_{73EFB30F-1CAD-4a7a-AE2E-150282B6CE25}_000013 ,MUM-LAP-1266,"""C:\Program Files\Fortinet\FortiClient\scheduler.exe"""
2023-09-08 08:39:53,C:\Program Files\Fortinet\FortiClient\FortiProxy.exe,FortiProxy.exe -s FC_{73EFB30F-1CAD-4a7a-AE2E-150282B6CE25}_000013 ,MUM-LAP-1266,"""C:\Program Files\Fortinet\FortiClient\scheduler.exe"""
2023-09-08 08:39:53,C:\Program Files\Fortinet\FortiClient\FortiProxy.exe,FortiProxy.exe -s FC_{73EFB30F-1CAD-4a7a-AE2E-150282B6CE25}_000013 ,MUM-LAP-1266,"""C:\Program Files\Fortinet\FortiClient\scheduler.exe"""
2023-09-08 08:39:53,C:\Program Files\Fortinet\FortiClient\FortiProxy.exe,FortiProxy.exe -s FC_{73EFB30F-1CAD-4a7a-AE2E-150282B6CE25}_000013 ,MUM-LAP-1266,"""C:\Program Files\Fortinet\FortiClient\scheduler.exe"""
2023-09-08 08:39:43,C:\Program Files\Fortinet\FortiClient\FortiProxy.exe,FortiProxy.exe -s FC_{73EFB30F-1CAD-4a7a-AE2E-150282B6CE25}_000013 ,MUM-LAP-700266,"""C:\Program Files\Fortinet\FortiClient\scheduler.exe"""
2023-09-08 08:39:43,C:\Program Files\Fortinet\FortiClient\FortiProxy.exe,FortiProxy.exe -s FC_{73EFB30F-1CAD-4a7a-AE2E-150282B6CE25}_000013 ,MUM-LAP-700266,"""C:\Program Files\Fortinet\FortiClient\scheduler.exe"""
2023-09-08 08:39:42,C:\Program Files\Fortinet\FortiClient\FortiProxy.exe,FortiProxy.exe -s FC_{73EFB30F-1CAD-4a7a-AE2E-150282B6CE25}_000013 ,MUM-LAP-1266,"""C:\Program Files\Fortinet\FortiClient\scheduler.exe"""
2023-09-08 08:39:42,C:\Program Files\Fortinet\FortiClient\FortiProxy.exe,FortiProxy.exe -s FC_{73EFB30F-1CAD-4a7a-AE2E-150282B6CE25}_000013 ,MUM-LAP-1266,"""C:\Program Files\Fortinet\FortiClient\scheduler.exe"""
2023-09-08 08:39:40,C:\Program Files\Fortinet\FortiClient\FortiProxy.exe,FortiProxy.exe -s FC_{73EFB30F-1CAD-4a7a-AE2E-150282B6CE25}_000013 ,MUM-LAP-1266,"""C:\Program Files\Fortinet\FortiClient\scheduler.exe"""
2023-09-08 08:39:40,C:\Program Files\Fortinet\FortiClient\FortiProxy.exe,FortiProxy.exe -s FC_{73EFB30F-1CAD-4a7a-AE2E-150282B6CE25}_000013 ,MUM-LAP-1266,"""C:\Program Files\Fortinet\FortiClient\scheduler.exe"""
2023-09-08 08:39:40,C:\Program Files\Fortinet\FortiClient\FortiProxy.exe,FortiProxy.exe -s FC_{73EFB30F-1CAD-4a7a-AE2E-150282B6CE25}_000013 ,MUM-LAP-1266,"""C:\Program Files\Fortinet\FortiClient\scheduler.exe"""
2023-09-08 08:39:40,C:\Program Files\Fortinet\FortiClient\FortiProxy.exe,FortiProxy.exe -s FC_{73EFB30F-1CAD-4a7a-AE2E-150282B6CE25}_000013 ,MUM-LAP-1266,"""C:\Program Files\Fortinet\FortiClient\scheduler.exe"""
2023-09-08 08:39:22,C:\Program Files\Fortinet\FortiClient\FortiProxy.exe,FortiProxy.exe -s FC_{73EFB30F-1CAD-4a7a-AE2E-150282B6CE25}_000013 ,MUM-LAP-700266,"""C:\Program Files\Fortinet\FortiClient\scheduler.exe"""
2023-09-08 08:39:15,C:\Program Files\Fortinet\FortiClient\FortiProxy.exe,FortiProxy.exe -s FC_{73EFB30F-1CAD-4a7a-AE2E-150282B6CE25}_000013 ,MUM-LAP-700266,"""C:\Program Files\Fortinet\FortiClient\scheduler.exe"""
2023-09-08 08:39:15,C:\Program Files\Fortinet\FortiClient\FortiProxy.exe,FortiProxy.exe -s FC_{73EFB30F-1CAD-4a7a-AE2E-150282B6CE25}_000013 ,MUM-LAP-700266,"""C:\Program Files\Fortinet\FortiClient\scheduler.exe"""
2023-09-08 08:38:58,C:\Program Files\Fortinet\FortiClient\FortiProxy.exe,FortiProxy.exe -s FC_{73EFB30F-1CAD-4a7a-AE2E-150282B6CE25}_000013 ,MUM-LAP-700266,"""C:\Program Files\Fortinet\FortiClient\scheduler.exe"""
2023-09-08 08:38:57,C:\Program Files\Fortinet\FortiClient\FortiProxy.exe,FortiProxy.exe -s FC_{73EFB30F-1CAD-4a7a-AE2E-150282B6CE25}_000013 ,MUM-LAP-700266,"""C:\Program Files\Fortinet\FortiClient\scheduler.exe"""
2023-09-08 08:38:55,C:\Program Files\Fortinet\FortiClient\FortiProxy.exe,FortiProxy.exe -s FC_{73EFB30F-1CAD-4a7a-AE2E-150282B6CE25}_000013 ,MUM-LAP-1266,"""C:\Program Files\Fortinet\FortiClient\scheduler.exe"""
2023-09-08 08:38:55,C:\Program Files\Fortinet\FortiClient\FortiProxy.exe,FortiProxy.exe -s FC_{73EFB30F-1CAD-4a7a-AE2E-150282B6CE25}_000013 ,MUM-LAP-1266,"""C:\Program Files\Fortinet\FortiClient\scheduler.exe"""
2023-09-08 08:38:39,C:\Program Files\Fortinet\FortiClient\FortiProxy.exe,FortiProxy.exe -s FC_{73EFB30F-1CAD-4a7a-AE2E-150282B6CE25}_000013 ,MUM-LAP-1422,
2023-09-08 08:38:34,C:\Program Files\Fortinet\FortiClient\FortiProxy.exe,FortiProxy.exe -s FC_{73EFB30F-1CAD-4a7a-AE2E-150282B6CE25}_000013 ,MUM-LAP-1266,"""C:\Program Files\Fortinet\FortiClient\scheduler.exe"""
2023-09-08 08:38:33,C:\Program Files\Fortinet\FortiClient\FortiProxy.exe,FortiProxy.exe -s FC_{73EFB30F-1CAD-4a7a-AE2E-150282B6CE25}_000013 ,MUM-LAP-1266,"""C:\Program Files\Fortinet\FortiClient\scheduler.exe"""
2023-09-08 08:38:33,C:\Program Files\Fortinet\FortiClient\FortiProxy.exe,FortiProxy.exe -s FC_{73EFB30F-1CAD-4a7a-AE2E-150282B6CE25}_000013 ,MUM-LAP-1266,"""C:\Program Files\Fortinet\FortiClient\scheduler.exe"""
2023-09-08 08:38:07,C:\Program Files\Fortinet\FortiClient\FortiProxy.exe,FortiProxy.exe -s FC_{73EFB30F-1CAD-4a7a-AE2E-150282B6CE25}_000013 ,MUM-LAP-1222,
2023-09-08 08:37:41,C:\Program Files\Fortinet\FortiClient\FortiProxy.exe,FortiProxy.exe -s FC_{73EFB30F-1CAD-4a7a-AE2E-150282B6CE25}_000013 ,MUM-LAP-1266,"""C:\Program Files\Fortinet\FortiClient\scheduler.exe"""
2023-09-08 08:37:40,C:\Program Files\Fortinet\FortiClient\FortiProxy.exe,FortiProxy.exe -s FC_{73EFB30F-1CAD-4a7a-AE2E-150282B6CE25}_000013 ,MUM-LAP-1266,"""C:\Program Files\Fortinet\FortiClient\scheduler.exe"""
2023-09-08 08:37:40,C:\Program Files\Fortinet\FortiClient\FortiProxy.exe,FortiProxy.exe -s FC_{73EFB30F-1CAD-4a7a-AE2E-150282B6CE25}_000013 ,MUM-LAP-1266,"""C:\Program Files\Fortinet\FortiClient\scheduler.exe"""
2023-09-08 08:37:17,C:\Program Files\Fortinet\FortiClient\FortiProxy.exe,FortiProxy.exe -s FC_{73EFB30F-1CAD-4a7a-AE2E-150282B6CE25}_000013 ,MUM-LAP-1422,
2023-09-08 08:36:59,C:\Program Files\Fortinet\FortiClient\FortiProxy.exe,FortiProxy.exe -s FC_{73EFB30F-1CAD-4a7a-AE2E-150282B6CE25}_000013 ,MUM-LAP-1266,"""C:\Program Files\Fortinet\FortiClient\scheduler.exe"""
2023-09-08 08:36:39,C:\Program Files\Fortinet\FortiClient\FortiProxy.exe,FortiProxy.exe -s FC_{73EFB30F-1CAD-4a7a-AE2E-150282B6CE25}_000013 ,MUM-LAP-1266,"""C:\Program Files\Fortinet\FortiClient\scheduler.exe"""
2023-09-08 08:36:38,C:\Program Files\Fortinet\FortiClient\FortiProxy.exe,FortiProxy.exe -s FC_{73EFB30F-1CAD-4a7a-AE2E-150282B6CE25}_000013 ,MUM-LAP-1266,"""C:\Program Files\Fortinet\FortiClient\scheduler.exe"""
2023-09-08 08:36:38,C:\Program Files\Fortinet\FortiClient\FortiProxy.exe,FortiProxy.exe -s FC_{73EFB30F-1CAD-4a7a-AE2E-150282B6CE25}_000013 ,MUM-LAP-1266,"""C:\Program Files\Fortinet\FortiClient\scheduler.exe"""
2023-09-08 08:36:16,C:\Program Files\Fortinet\FortiClient\FortiProxy.exe,FortiProxy.exe -s FC_{73EFB30F-1CAD-4a7a-AE2E-150282B6CE25}_000013 ,MUM-LAP-1222,
2023-09-08 08:35:51,C:\Program Files\Fortinet\FortiClient\FortiProxy.exe,FortiProxy.exe -s FC_{73EFB30F-1CAD-4a7a-AE2E-150282B6CE25}_000013 ,MUM-LAP-1422,
2023-09-08 08:34:30,C:\Program Files\Fortinet\FortiClient\FortiProxy.exe,FortiProxy.exe -s FC_{73EFB30F-1CAD-4a7a-AE2E-150282B6CE25}_000013 ,MUM-LAP-1422,
2023-09-08 08:34:22,C:\Program Files\Fortinet\FortiClient\FortiProxy.exe,FortiProxy.exe -s FC_{73EFB30F-1CAD-4a7a-AE2E-150282B6CE25}_000013 ,MUM-LAP-1222,
2023-09-08 08:33:09,C:\Program Files\Fortinet\FortiClient\FortiProxy.exe,FortiProxy.exe -s FC_{73EFB30F-1CAD-4a7a-AE2E-150282B6CE25}_000013 ,MUM-LAP-1422,
2023-09-08 08:32:12,C:\Program Files\Fortinet\FortiClient\FortiProxy.exe,FortiProxy.exe -s FC_{73EFB30F-1CAD-4a7a-AE2E-150282B6CE25}_000013 ,MUM-LAP-1222,
2023-09-08 08:31:48,C:\Program Files\Fortinet\FortiClient\FortiProxy.exe,FortiProxy.exe -s FC_{73EFB30F-1CAD-4a7a-AE2E-150282B6CE25}_000013 ,MUM-LAP-1422,
2023-09-08 08:30:25,C:\Program Files\Fortinet\FortiClient\FortiProxy.exe,FortiProxy.exe -s FC_{73EFB30F-1CAD-4a7a-AE2E-150282B6CE25}_000013 ,MUM-LAP-1422,
2023-09-08 08:30:07,C:\Program Files\Fortinet\FortiClient\FortiProxy.exe,FortiProxy.exe -s FC_{73EFB30F-1CAD-4a7a-AE2E-150282B6CE25}_000013 ,MUM-LAP-1222,
2023-09-08 08:29:03,C:\Program Files\Fortinet\FortiClient\FortiProxy.exe,FortiProxy.exe -s FC_{73EFB30F-1CAD-4a7a-AE2E-150282B6CE25}_000013 ,MUM-LAP-1422,
2023-09-08 08:28:15,C:\Program Files\Fortinet\FortiClient\FortiProxy.exe,FortiProxy.exe -s FC_{73EFB30F-1CAD-4a7a-AE2E-150282B6CE25}_000013 ,MUM-LAP-1421,"""C:\Program Files\Fortinet\FortiClient\scheduler.exe"""
2023-09-08 08:28:09,C:\Program Files\Fortinet\FortiClient\FortiProxy.exe,FortiProxy.exe -s FC_{73EFB30F-1CAD-4a7a-AE2E-150282B6CE25}_000013 ,MUM-LAP-1222,
2023-09-08 08:27:37,C:\Program Files\Fortinet\FortiClient\FortiProxy.exe,FortiProxy.exe -s FC_{73EFB30F-1CAD-4a7a-AE2E-150282B6CE25}_000013 ,MUM-LAP-1422,
2023-09-08 08:26:26,C:\Program Files\Fortinet\FortiClient\FortiProxy.exe,FortiProxy.exe -s FC_{73EFB30F-1CAD-4a7a-AE2E-150282B6CE25}_000013 ,MUM-LAP-1421,"""C:\Program Files\Fortinet\FortiClient\scheduler.exe"""
2023-09-08 08:26:25,C:\Program Files\Fortinet\FortiClient\FortiProxy.exe,FortiProxy.exe -s FC_{73EFB30F-1CAD-4a7a-AE2E-150282B6CE25}_000013 ,MUM-LAP-1421,"""C:\Program Files\Fortinet\FortiClient\scheduler.exe"""
2023-09-08 08:26:23,C:\Program Files\Fortinet\FortiClient\FortiProxy.exe,FortiProxy.exe -s FC_{73EFB30F-1CAD-4a7a-AE2E-150282B6CE25}_000013 ,MUM-LAP-1222,
2023-09-08 08:26:17,C:\Program Files\Fortinet\FortiClient\FortiProxy.exe,FortiProxy.exe -s FC_{73EFB30F-1CAD-4a7a-AE2E-150282B6CE25}_000013 ,MUM-LAP-1422,
2023-09-08 08:25:39,C:\Program Files\Fortinet\FortiClient\FortiProxy.exe,FortiProxy.exe -s FC_{73EFB30F-1CAD-4a7a-AE2E-150282B6CE25}_000013 ,MUM-LAP-700266,"""C:\Program Files\Fortinet\FortiClient\scheduler.exe"""
2023-09-08 08:25:39,C:\Program Files\Fortinet\FortiClient\FortiProxy.exe,FortiProxy.exe -s FC_{73EFB30F-1CAD-4a7a-AE2E-150282B6CE25}_000013 ,MUM-LAP-700266,"""C:\Program Files\Fortinet\FortiClient\scheduler.exe"""
2023-09-08 08:24:55,C:\Program Files\Fortinet\FortiClient\FortiProxy.exe,FortiProxy.exe -s FC_{73EFB30F-1CAD-4a7a-AE2E-150282B6CE25}_000013 ,MUM-LAP-1422,
2023-09-08 08:24:29,C:\Program Files\Fortinet\FortiClient\FortiProxy.exe,FortiProxy.exe -s FC_{73EFB30F-1CAD-4a7a-AE2E-150282B6CE25}_000013 ,MUM-LAP-1222,
2023-09-08 08:23:32,C:\Program Files\Fortinet\FortiClient\FortiProxy.exe,FortiProxy.exe -s FC_{73EFB30F-1CAD-4a7a-AE2E-150282B6CE25}_000013 ,MUM-LAP-1422,
2023-09-08 08:22:13,C:\Program Files\Fortinet\FortiClient\FortiProxy.exe,FortiProxy.exe -s FC_{73EFB30F-1CAD-4a7a-AE2E-150282B6CE25}_000013 ,MUM-LAP-1422,
2023-09-08 08:22:13,C:\Program Files\Fortinet\FortiClient\FortiProxy.exe,FortiProxy.exe -s FC_{73EFB30F-1CAD-4a7a-AE2E-150282B6CE25}_000013 ,MUM-LAP-1222,
2023-09-08 08:21:35,C:\Program Files\Fortinet\FortiClient\FortiProxy.exe,FortiProxy.exe -s FC_{73EFB30F-1CAD-4a7a-AE2E-150282B6CE25}_000013 ,MUM-LAP-1171,"""C:\Program Files\Fortinet\FortiClient\scheduler.exe"""
2023-09-08 08:21:35,C:\Program Files\Fortinet\FortiClient\FortiProxy.exe,FortiProxy.exe -s FC_{73EFB30F-1CAD-4a7a-AE2E-150282B6CE25}_000013 ,MUM-LAP-1171,"""C:\Program Files\Fortinet\FortiClient\scheduler.exe"""
2023-09-08 08:21:34,C:\Program Files\Fortinet\FortiClient\FortiProxy.exe,FortiProxy.exe -s FC_{73EFB30F-1CAD-4a7a-AE2E-150282B6CE25}_000013 ,MUM-LAP-1171,"""C:\Program Files\Fortinet\FortiClient\scheduler.exe"""
2023-09-08 08:20:49,C:\Program Files\Fortinet\FortiClient\FortiProxy.exe,FortiProxy.exe -s FC_{73EFB30F-1CAD-4a7a-AE2E-150282B6CE25}_000013 ,MUM-LAP-1422,
2023-09-08 08:20:11,C:\Program Files\Fortinet\FortiClient\FortiProxy.exe,FortiProxy.exe -s FC_{73EFB30F-1CAD-4a7a-AE2E-150282B6CE25}_000013 ,MUM-LAP-1222,
2023-09-08 08:20:09,C:\Program Files\Fortinet\FortiClient\FortiProxy.exe,FortiProxy.exe -s FC_{73EFB30F-1CAD-4a7a-AE2E-150282B6CE25}_000013 ,MUM-LAP-1422,
2023-09-08 08:18:20,C:\Program Files\Fortinet\FortiClient\FortiProxy.exe,FortiProxy.exe -s FC_{73EFB30F-1CAD-4a7a-AE2E-150282B6CE25}_000013 ,MUM-LAP-1422,
2023-09-08 08:18:19,C:\Program Files\Fortinet\FortiClient\FortiProxy.exe,FortiProxy.exe -s FC_{73EFB30F-1CAD-4a7a-AE2E-150282B6CE25}_000013 ,MUM-LAP-1222,
2023-09-08 08:16:40,C:\Program Files\Fortinet\FortiClient\FortiProxy.exe,FortiProxy.exe -s FC_{73EFB30F-1CAD-4a7a-AE2E-150282B6CE25}_000013 ,MUM-LAP-1222,
2023-09-08 08:16:27,C:\Program Files\Fortinet\FortiClient\FortiProxy.exe,FortiProxy.exe -s FC_{73EFB30F-1CAD-4a7a-AE2E-150282B6CE25}_000013 ,MUM-LAP-1422,
2023-09-08 08:15:32,C:\Program Files\Fortinet\FortiClient\FortiProxy.exe,FortiProxy.exe -s FC_{73EFB30F-1CAD-4a7a-AE2E-150282B6CE25}_000013 ,MUM-LAP-1266,"""C:\Program Files\Fortinet\FortiClient\scheduler.exe"""
2023-09-08 08:15:32,C:\Program Files\Fortinet\FortiClient\FortiProxy.exe,FortiProxy.exe -s FC_{73EFB30F-1CAD-4a7a-AE2E-150282B6CE25}_000013 ,MUM-LAP-1266,"""C:\Program Files\Fortinet\FortiClient\scheduler.exe"""
2023-09-08 08:15:32,C:\Program Files\Fortinet\FortiClient\FortiProxy.exe,FortiProxy.exe -s FC_{73EFB30F-1CAD-4a7a-AE2E-150282B6CE25}_000013 ,MUM-LAP-1266,"""C:\Program Files\Fortinet\FortiClient\scheduler.exe"""
2023-09-08 08:15:07,C:\Program Files\Fortinet\FortiClient\FortiProxy.exe,FortiProxy.exe -s FC_{73EFB30F-1CAD-4a7a-AE2E-150282B6CE25}_000013 ,MUM-LAP-1222,
2023-09-08 08:14:35,C:\Program Files\Fortinet\FortiClient\FortiProxy.exe,FortiProxy.exe -s FC_{73EFB30F-1CAD-4a7a-AE2E-150282B6CE25}_000013 ,MUM-LAP-1266,"""C:\Program Files\Fortinet\FortiClient\scheduler.exe"""
2023-09-08 08:14:24,C:\Program Files\Fortinet\FortiClient\FortiProxy.exe,FortiProxy.exe -s FC_{73EFB30F-1CAD-4a7a-AE2E-150282B6CE25}_000013 ,MUM-LAP-1422,
2023-09-08 08:13:04,C:\Program Files\Fortinet\FortiClient\FortiProxy.exe,FortiProxy.exe -s FC_{73EFB30F-1CAD-4a7a-AE2E-150282B6CE25}_000013 ,MUM-LAP-1222,
2023-09-08 08:12:26,C:\Program Files\Fortinet\FortiClient\FortiProxy.exe,FortiProxy.exe -s FC_{73EFB30F-1CAD-4a7a-AE2E-150282B6CE25}_000013 ,MUM-LAP-1422,
2023-09-08 08:11:16,C:\Program Files\Fortinet\FortiClient\FortiProxy.exe,FortiProxy.exe -s FC_{73EFB30F-1CAD-4a7a-AE2E-150282B6CE25}_000013 ,MUM-LAP-1222,
2023-09-08 08:10:29,C:\Program Files\Fortinet\FortiClient\FortiProxy.exe,FortiProxy.exe -s FC_{73EFB30F-1CAD-4a7a-AE2E-150282B6CE25}_000013 ,MUM-LAP-1422,
2023-09-08 08:09:29,C:\Program Files\Fortinet\FortiClient\FortiProxy.exe,FortiProxy.exe -s FC_{73EFB30F-1CAD-4a7a-AE2E-150282B6CE25}_000013 ,MUM-LAP-1222,
2023-09-08 08:08:32,C:\Program Files\Fortinet\FortiClient\FortiProxy.exe,FortiProxy.exe -s FC_{73EFB30F-1CAD-4a7a-AE2E-150282B6CE25}_000013 ,MUM-LAP-1422,
2023-09-08 08:07:18,C:\Program Files\Fortinet\FortiClient\FortiProxy.exe,FortiProxy.exe -s FC_{73EFB30F-1CAD-4a7a-AE2E-150282B6CE25}_000013 ,MUM-LAP-1222,
2023-09-08 08:06:34,C:\Program Files\Fortinet\FortiClient\FortiProxy.exe,FortiProxy.exe -s FC_{73EFB30F-1CAD-4a7a-AE2E-150282B6CE25}_000013 ,MUM-LAP-1422,
2023-09-08 08:05:08,C:\Program Files\Fortinet\FortiClient\FortiProxy.exe,FortiProxy.exe -s FC_{73EFB30F-1CAD-4a7a-AE2E-150282B6CE25}_000013 ,MUM-LAP-1222,
2023-09-08 08:04:42,C:\Program Files\Fortinet\FortiClient\FortiProxy.exe,FortiProxy.exe -s FC_{73EFB30F-1CAD-4a7a-AE2E-150282B6CE25}_000013 ,MUM-LAP-1422,
2023-09-08 08:03:17,C:\Program Files\Fortinet\FortiClient\FortiProxy.exe,FortiProxy.exe -s FC_{73EFB30F-1CAD-4a7a-AE2E-150282B6CE25}_000013 ,MUM-LAP-1222,
2023-09-08 08:02:44,C:\Program Files\Fortinet\FortiClient\FortiProxy.exe,FortiProxy.exe -s FC_{73EFB30F-1CAD-4a7a-AE2E-150282B6CE25}_000013 ,MUM-LAP-1422,
2023-09-08 08:01:08,C:\Program Files\Fortinet\FortiClient\FortiProxy.exe,FortiProxy.exe -s FC_{73EFB30F-1CAD-4a7a-AE2E-150282B6CE25}_000013 ,MUM-LAP-1222,
2023-09-08 08:00:48,C:\Program Files\Fortinet\FortiClient\FortiProxy.exe,FortiProxy.exe -s FC_{73EFB30F-1CAD-4a7a-AE2E-150282B6CE25}_000013 ,MUM-LAP-1422,
2023-09-08 07:59:22,C:\Program Files\Fortinet\FortiClient\FortiProxy.exe,FortiProxy.exe -s FC_{73EFB30F-1CAD-4a7a-AE2E-150282B6CE25}_000013 ,MUM-LAP-1222,
2023-09-08 07:58:52,C:\Program Files\Fortinet\FortiClient\FortiProxy.exe,FortiProxy.exe -s FC_{73EFB30F-1CAD-4a7a-AE2E-150282B6CE25}_000013 ,MUM-LAP-1422,
2023-09-08 07:57:39,C:\Program Files\Fortinet\FortiClient\FortiProxy.exe,FortiProxy.exe -s FC_{73EFB30F-1CAD-4a7a-AE2E-150282B6CE25}_000013 ,MUM-LAP-1222,
2023-09-08 07:56:56,C:\Program Files\Fortinet\FortiClient\FortiProxy.exe,FortiProxy.exe -s FC_{73EFB30F-1CAD-4a7a-AE2E-150282B6CE25}_000013 ,MUM-LAP-1422,
2023-09-08 07:55:55,C:\Program Files\Fortinet\FortiClient\FortiProxy.exe,FortiProxy.exe -s FC_{73EFB30F-1CAD-4a7a-AE2E-150282B6CE25}_000013 ,MUM-LAP-1222,
2023-09-08 07:55:00,C:\Program Files\Fortinet\FortiClient\FortiProxy.exe,FortiProxy.exe -s FC_{73EFB30F-1CAD-4a7a-AE2E-150282B6CE25}_000013 ,MUM-LAP-1422,
2023-09-08 07:53:59,C:\Program Files\Fortinet\FortiClient\FortiProxy.exe,FortiProxy.exe -s FC_{73EFB30F-1CAD-4a7a-AE2E-150282B6CE25}_000013 ,MUM-LAP-1222,
2023-09-08 07:53:06,C:\Program Files\Fortinet\FortiClient\FortiProxy.exe,FortiProxy.exe -s FC_{73EFB30F-1CAD-4a7a-AE2E-150282B6CE25}_000013 ,MUM-LAP-1422,
2023-09-08 07:52:13,C:\Program Files\Fortinet\FortiClient\FortiProxy.exe,FortiProxy.exe -s FC_{73EFB30F-1CAD-4a7a-AE2E-150282B6CE25}_000013 ,MUM-LAP-1222,
2023-09-08 07:51:07,C:\Program Files\Fortinet\FortiClient\FortiProxy.exe,FortiProxy.exe -s FC_{73EFB30F-1CAD-4a7a-AE2E-150282B6CE25}_000013 ,MUM-LAP-1422,
2023-09-08 07:49:51,C:\Program Files\Fortinet\FortiClient\FortiProxy.exe,FortiProxy.exe -s FC_{73EFB30F-1CAD-4a7a-AE2E-150282B6CE25}_000013 ,MUM-LAP-1222,
2023-09-08 07:49:16,C:\Program Files\Fortinet\FortiClient\FortiProxy.exe,FortiProxy.exe -s FC_{73EFB30F-1CAD-4a7a-AE2E-150282B6CE25}_000013 ,MUM-LAP-1422,
2023-09-08 07:48:00,C:\Program Files\Fortinet\FortiClient\FortiProxy.exe,FortiProxy.exe -s FC_{73EFB30F-1CAD-4a7a-AE2E-150282B6CE25}_000013 ,MUM-LAP-1222,
2023-09-08 07:47:32,C:\Program Files\Fortinet\FortiClient\FortiProxy.exe,FortiProxy.exe -s FC_{73EFB30F-1CAD-4a7a-AE2E-150282B6CE25}_000013 ,MUM-LAP-1422,
2023-09-08 07:46:23,C:\Program Files\Fortinet\FortiClient\FortiProxy.exe,FortiProxy.exe -s FC_{73EFB30F-1CAD-4a7a-AE2E-150282B6CE25}_000013 ,MUM-LAP-1222,
2023-09-08 07:45:38,C:\Program Files\Fortinet\FortiClient\FortiProxy.exe,FortiProxy.exe -s FC_{73EFB30F-1CAD-4a7a-AE2E-150282B6CE25}_000013 ,MUM-LAP-1422,
2023-09-08 07:44:44,C:\Program Files\Fortinet\FortiClient\FortiProxy.exe,FortiProxy.exe -s FC_{73EFB30F-1CAD-4a7a-AE2E-150282B6CE25}_000013 ,MUM-LAP-1222,
2023-09-08 07:43:47,C:\Program Files\Fortinet\FortiClient\FortiProxy.exe,FortiProxy.exe -s FC_{73EFB30F-1CAD-4a7a-AE2E-150282B6CE25}_000013 ,MUM-LAP-1422,
2023-09-08 07:42:19,C:\Program Files\Fortinet\FortiClient\FortiProxy.exe,FortiProxy.exe -s FC_{73EFB30F-1CAD-4a7a-AE2E-150282B6CE25}_000013 ,MUM-LAP-1222,
2023-09-08 07:41:54,C:\Program Files\Fortinet\FortiClient\FortiProxy.exe,FortiProxy.exe -s FC_{73EFB30F-1CAD-4a7a-AE2E-150282B6CE25}_000013 ,MUM-LAP-1422,
2023-09-08 07:40:23,C:\Program Files\Fortinet\FortiClient\FortiProxy.exe,FortiProxy.exe -s FC_{73EFB30F-1CAD-4a7a-AE2E-150282B6CE25}_000013 ,MUM-LAP-1222,
2023-09-08 07:40:02,C:\Program Files\Fortinet\FortiClient\FortiProxy.exe,FortiProxy.exe -s FC_{73EFB30F-1CAD-4a7a-AE2E-150282B6CE25}_000013 ,MUM-LAP-1422,
2023-09-08 07:38:53,C:\Program Files\Fortinet\FortiClient\FortiProxy.exe,FortiProxy.exe -s FC_{73EFB30F-1CAD-4a7a-AE2E-150282B6CE25}_000013 ,MUM-LAP-1222,
2023-09-08 07:38:13,C:\Program Files\Fortinet\FortiClient\FortiProxy.exe,FortiProxy.exe -s FC_{73EFB30F-1CAD-4a7a-AE2E-150282B6CE25}_000013 ,MUM-LAP-1422,
2023-09-08 07:37:07,C:\Program Files\Fortinet\FortiClient\FortiProxy.exe,FortiProxy.exe -s FC_{73EFB30F-1CAD-4a7a-AE2E-150282B6CE25}_000013 ,MUM-LAP-1222,
2023-09-08 07:36:16,C:\Program Files\Fortinet\FortiClient\FortiProxy.exe,FortiProxy.exe -s FC_{73EFB30F-1CAD-4a7a-AE2E-150282B6CE25}_000013 ,MUM-LAP-1422,
2023-09-08 07:35:09,C:\Program Files\Fortinet\FortiClient\FortiProxy.exe,FortiProxy.exe -s FC_{73EFB30F-1CAD-4a7a-AE2E-150282B6CE25}_000013 ,MUM-LAP-1222,
2023-09-08 07:34:33,C:\Program Files\Fortinet\FortiClient\FortiProxy.exe,FortiProxy.exe -s FC_{73EFB30F-1CAD-4a7a-AE2E-150282B6CE25}_000013 ,MUM-LAP-1422,
2023-09-08 07:33:22,C:\Program Files\Fortinet\FortiClient\FortiProxy.exe,FortiProxy.exe -s FC_{73EFB30F-1CAD-4a7a-AE2E-150282B6CE25}_000013 ,MUM-LAP-1222,
2023-09-08 07:32:57,C:\Program Files\Fortinet\FortiClient\FortiProxy.exe,FortiProxy.exe -s FC_{73EFB30F-1CAD-4a7a-AE2E-150282B6CE25}_000013 ,MUM-LAP-1422,
2023-09-08 07:31:32,C:\Program Files\Fortinet\FortiClient\FortiProxy.exe,FortiProxy.exe -s FC_{73EFB30F-1CAD-4a7a-AE2E-150282B6CE25}_000013 ,MUM-LAP-1222,
2023-09-08 07:31:23,C:\Program Files\Fortinet\FortiClient\FortiProxy.exe,FortiProxy.exe -s FC_{73EFB30F-1CAD-4a7a-AE2E-150282B6CE25}_000013 ,MUM-LAP-1422,
2023-09-08 07:30:02,C:\Program Files\Fortinet\FortiClient\FortiProxy.exe,FortiProxy.exe -s FC_{73EFB30F-1CAD-4a7a-AE2E-150282B6CE25}_000013 ,MUM-LAP-1222,
2023-09-08 07:29:47,C:\Program Files\Fortinet\FortiClient\FortiProxy.exe,FortiProxy.exe -s FC_{73EFB30F-1CAD-4a7a-AE2E-150282B6CE25}_000013 ,MUM-LAP-1422,
2023-09-08 07:28:22,C:\Program Files\Fortinet\FortiClient\FortiProxy.exe,FortiProxy.exe -s FC_{73EFB30F-1CAD-4a7a-AE2E-150282B6CE25}_000013 ,MUM-LAP-1222,
2023-09-08 07:28:11,C:\Program Files\Fortinet\FortiClient\FortiProxy.exe,FortiProxy.exe -s FC_{73EFB30F-1CAD-4a7a-AE2E-150282B6CE25}_000013 ,MUM-LAP-1422,
2023-09-08 07:26:42,C:\Program Files\Fortinet\FortiClient\FortiProxy.exe,FortiProxy.exe -s FC_{73EFB30F-1CAD-4a7a-AE2E-150282B6CE25}_000013 ,MUM-LAP-1222,
2023-09-08 07:26:35,C:\Program Files\Fortinet\FortiClient\FortiProxy.exe,FortiProxy.exe -s FC_{73EFB30F-1CAD-4a7a-AE2E-150282B6CE25}_000013 ,MUM-LAP-1422,
2023-09-08 07:25:00,C:\Program Files\Fortinet\FortiClient\FortiProxy.exe,FortiProxy.exe -s FC_{73EFB30F-1CAD-4a7a-AE2E-150282B6CE25}_000013 ,MUM-LAP-1422,
2023-09-08 07:24:55,C:\Program Files\Fortinet\FortiClient\FortiProxy.exe,FortiProxy.exe -s FC_{73EFB30F-1CAD-4a7a-AE2E-150282B6CE25}_000013 ,MUM-LAP-1222,
2023-09-08 07:23:17,C:\Program Files\Fortinet\FortiClient\FortiProxy.exe,FortiProxy.exe -s FC_{73EFB30F-1CAD-4a7a-AE2E-150282B6CE25}_000013 ,MUM-LAP-1422,
2023-09-08 07:23:15,C:\Program Files\Fortinet\FortiClient\FortiProxy.exe,FortiProxy.exe -s FC_{73EFB30F-1CAD-4a7a-AE2E-150282B6CE25}_000013 ,MUM-LAP-1222,
2023-09-08 07:21:39,C:\Program Files\Fortinet\FortiClient\FortiProxy.exe,FortiProxy.exe -s FC_{73EFB30F-1CAD-4a7a-AE2E-150282B6CE25}_000013 ,MUM-LAP-1222,
2023-09-08 07:21:35,C:\Program Files\Fortinet\FortiClient\FortiProxy.exe,FortiProxy.exe -s FC_{73EFB30F-1CAD-4a7a-AE2E-150282B6CE25}_000013 ,MUM-LAP-1422,
2023-09-08 07:19:53,C:\Program Files\Fortinet\FortiClient\FortiProxy.exe,FortiProxy.exe -s FC_{73EFB30F-1CAD-4a7a-AE2E-150282B6CE25}_000013 ,MUM-LAP-1222,
2023-09-08 07:19:47,C:\Program Files\Fortinet\FortiClient\FortiProxy.exe,FortiProxy.exe -s FC_{73EFB30F-1CAD-4a7a-AE2E-150282B6CE25}_000013 ,MUM-LAP-1422,
2023-09-08 07:18:11,C:\Program Files\Fortinet\FortiClient\FortiProxy.exe,FortiProxy.exe -s FC_{73EFB30F-1CAD-4a7a-AE2E-150282B6CE25}_000013 ,MUM-LAP-1422,
2023-09-08 07:18:09,C:\Program Files\Fortinet\FortiClient\FortiProxy.exe,FortiProxy.exe -s FC_{73EFB30F-1CAD-4a7a-AE2E-150282B6CE25}_000013 ,MUM-LAP-1222,
2023-09-08 07:17:02,C:\Windows\System32\svchost.exe,C:\Windows\system32\svchost.exe -k LocalSystemNetworkRestricted -p -s SysMain,MUM-LAP-1176,C:\Windows\system32\services.exe
2023-09-08 07:16:53,C:\Program Files\Fortinet\FortiClient\FortiProxy.exe,FortiProxy.exe -s FC_{73EFB30F-1CAD-4a7a-AE2E-150282B6CE25}_000013 ,MUM-LAP-1176,"""C:\Program Files\Fortinet\FortiClient\scheduler.exe"""
2023-09-08 07:16:53,C:\Program Files\Fortinet\FortiClient\FortiProxy.exe,FortiProxy.exe -s FC_{73EFB30F-1CAD-4a7a-AE2E-150282B6CE25}_000013 ,MUM-LAP-1176,"""C:\Program Files\Fortinet\FortiClient\scheduler.exe"""
2023-09-08 07:16:36,C:\Program Files\Fortinet\FortiClient\FortiProxy.exe,FortiProxy.exe -s FC_{73EFB30F-1CAD-4a7a-AE2E-150282B6CE25}_000013 ,MUM-LAP-1422,
2023-09-08 07:16:22,C:\Program Files\Fortinet\FortiClient\FortiProxy.exe,FortiProxy.exe -s FC_{73EFB30F-1CAD-4a7a-AE2E-150282B6CE25}_000013 ,MUM-LAP-1222,
2023-09-08 07:14:58,C:\Program Files\Fortinet\FortiClient\FortiProxy.exe,FortiProxy.exe -s FC_{73EFB30F-1CAD-4a7a-AE2E-150282B6CE25}_000013 ,MUM-LAP-1422,
2023-09-08 07:14:43,C:\Program Files\Fortinet\FortiClient\FortiProxy.exe,FortiProxy.exe -s FC_{73EFB30F-1CAD-4a7a-AE2E-150282B6CE25}_000013 ,MUM-LAP-1176,"""C:\Program Files\Fortinet\FortiClient\scheduler.exe"""
2023-09-08 07:14:43,C:\Program Files\Fortinet\FortiClient\FortiProxy.exe,FortiProxy.exe -s FC_{73EFB30F-1CAD-4a7a-AE2E-150282B6CE25}_000013 ,MUM-LAP-1176,"""C:\Program Files\Fortinet\FortiClient\scheduler.exe"""
2023-09-08 07:14:29,C:\Program Files\Fortinet\FortiClient\FortiProxy.exe,FortiProxy.exe -s FC_{73EFB30F-1CAD-4a7a-AE2E-150282B6CE25}_000013 ,MUM-LAP-1222,
2023-09-08 07:13:27,C:\Program Files\Fortinet\FortiClient\FortiProxy.exe,FortiProxy.exe -s FC_{73EFB30F-1CAD-4a7a-AE2E-150282B6CE25}_000013 ,MUM-LAP-1422,
2023-09-08 07:12:59,C:\Program Files\Fortinet\FortiClient\FortiProxy.exe,FortiProxy.exe -s FC_{73EFB30F-1CAD-4a7a-AE2E-150282B6CE25}_000013 ,MUM-LAP-1222,
2023-09-08 07:11:44,C:\Program Files\Fortinet\FortiClient\FortiProxy.exe,FortiProxy.exe -s FC_{73EFB30F-1CAD-4a7a-AE2E-150282B6CE25}_000013 ,MUM-LAP-1422,
2023-09-08 07:11:25,C:\Program Files\Fortinet\FortiClient\FortiProxy.exe,FortiProxy.exe -s FC_{73EFB30F-1CAD-4a7a-AE2E-150282B6CE25}_000013 ,MUM-LAP-1222,
2023-09-08 07:10:08,C:\Program Files\Fortinet\FortiClient\FortiProxy.exe,FortiProxy.exe -s FC_{73EFB30F-1CAD-4a7a-AE2E-150282B6CE25}_000013 ,MUM-LAP-1422,
2023-09-08 07:09:51,C:\Program Files\Fortinet\FortiClient\FortiProxy.exe,FortiProxy.exe -s FC_{73EFB30F-1CAD-4a7a-AE2E-150282B6CE25}_000013 ,MUM-LAP-1222,
2023-09-08 07:08:36,C:\Program Files\Fortinet\FortiClient\FortiProxy.exe,FortiProxy.exe -s FC_{73EFB30F-1CAD-4a7a-AE2E-150282B6CE25}_000013 ,MUM-LAP-1422,
2023-09-08 07:08:09,C:\Program Files\Fortinet\FortiClient\FortiProxy.exe,FortiProxy.exe -s FC_{73EFB30F-1CAD-4a7a-AE2E-150282B6CE25}_000013 ,MUM-LAP-1222,
2023-09-08 07:06:58,C:\Program Files\Fortinet\FortiClient\FortiProxy.exe,FortiProxy.exe -s FC_{73EFB30F-1CAD-4a7a-AE2E-150282B6CE25}_000013 ,MUM-LAP-1422,
2023-09-08 07:06:34,C:\Program Files\Fortinet\FortiClient\FortiProxy.exe,FortiProxy.exe -s FC_{73EFB30F-1CAD-4a7a-AE2E-150282B6CE25}_000013 ,MUM-LAP-1222,
2023-09-08 07:05:18,C:\Program Files\Fortinet\FortiClient\FortiProxy.exe,FortiProxy.exe -s FC_{73EFB30F-1CAD-4a7a-AE2E-150282B6CE25}_000013 ,MUM-LAP-1422,
2023-09-08 07:04:48,C:\Program Files\Fortinet\FortiClient\FortiProxy.exe,FortiProxy.exe -s FC_{73EFB30F-1CAD-4a7a-AE2E-150282B6CE25}_000013 ,MUM-LAP-1222,
2023-09-08 07:03:40,C:\Program Files\Fortinet\FortiClient\FortiProxy.exe,FortiProxy.exe -s FC_{73EFB30F-1CAD-4a7a-AE2E-150282B6CE25}_000013 ,MUM-LAP-1422,
2023-09-08 07:03:02,C:\Program Files\Fortinet\FortiClient\FortiProxy.exe,FortiProxy.exe -s FC_{73EFB30F-1CAD-4a7a-AE2E-150282B6CE25}_000013 ,MUM-LAP-1222,
2023-09-08 07:02:04,C:\Program Files\Fortinet\FortiClient\FortiProxy.exe,FortiProxy.exe -s FC_{73EFB30F-1CAD-4a7a-AE2E-150282B6CE25}_000013 ,MUM-LAP-1422,
2023-09-08 07:01:23,C:\Program Files\Fortinet\FortiClient\FortiProxy.exe,FortiProxy.exe -s FC_{73EFB30F-1CAD-4a7a-AE2E-150282B6CE25}_000013 ,MUM-LAP-1222,
2023-09-08 07:00:24,C:\Program Files\Fortinet\FortiClient\FortiProxy.exe,FortiProxy.exe -s FC_{73EFB30F-1CAD-4a7a-AE2E-150282B6CE25}_000013 ,MUM-LAP-1422,
2023-09-08 06:59:46,C:\Program Files\Fortinet\FortiClient\FortiProxy.exe,FortiProxy.exe -s FC_{73EFB30F-1CAD-4a7a-AE2E-150282B6CE25}_000013 ,MUM-LAP-1222,
2023-09-08 06:58:49,C:\Program Files\Fortinet\FortiClient\FortiProxy.exe,FortiProxy.exe -s FC_{73EFB30F-1CAD-4a7a-AE2E-150282B6CE25}_000013 ,MUM-LAP-1422,
2023-09-08 06:58:04,C:\Program Files\Fortinet\FortiClient\FortiProxy.exe,FortiProxy.exe -s FC_{73EFB30F-1CAD-4a7a-AE2E-150282B6CE25}_000013 ,MUM-LAP-1222,
2023-09-08 06:57:09,C:\Program Files\Fortinet\FortiClient\FortiProxy.exe,FortiProxy.exe -s FC_{73EFB30F-1CAD-4a7a-AE2E-150282B6CE25}_000013 ,MUM-LAP-1422,
2023-09-08 06:56:54,C:\Program Files\Fortinet\FortiClient\FortiProxy.exe,FortiProxy.exe -s FC_{73EFB30F-1CAD-4a7a-AE2E-150282B6CE25}_000013 ,AIR-LAP-700128,"""C:\Program Files\Fortinet\FortiClient\scheduler.exe"""
2023-09-08 06:56:21,C:\Program Files\Fortinet\FortiClient\FortiProxy.exe,FortiProxy.exe -s FC_{73EFB30F-1CAD-4a7a-AE2E-150282B6CE25}_000013 ,MUM-LAP-1222,
2023-09-08 06:55:22,C:\Program Files\Fortinet\FortiClient\FortiProxy.exe,FortiProxy.exe -s FC_{73EFB30F-1CAD-4a7a-AE2E-150282B6CE25}_000013 ,MUM-LAP-1422,
2023-09-08 06:54:44,C:\Program Files\Fortinet\FortiClient\FortiProxy.exe,FortiProxy.exe -s FC_{73EFB30F-1CAD-4a7a-AE2E-150282B6CE25}_000013 ,MUM-LAP-1222,
2023-09-08 06:54:17,C:\Program Files\Fortinet\FortiClient\FortiProxy.exe,FortiProxy.exe -s FC_{73EFB30F-1CAD-4a7a-AE2E-150282B6CE25}_000013 ,MUM-LAP-1422,
2023-09-08 06:53:04,C:\Program Files\Fortinet\FortiClient\FortiProxy.exe,FortiProxy.exe -s FC_{73EFB30F-1CAD-4a7a-AE2E-150282B6CE25}_000013 ,MUM-LAP-1222,
2023-09-08 06:52:44,C:\Program Files\Fortinet\FortiClient\FortiProxy.exe,FortiProxy.exe -s FC_{73EFB30F-1CAD-4a7a-AE2E-150282B6CE25}_000013 ,MUM-LAP-1422,
2023-09-08 06:51:29,C:\Program Files\Fortinet\FortiClient\FortiProxy.exe,FortiProxy.exe -s FC_{73EFB30F-1CAD-4a7a-AE2E-150282B6CE25}_000013 ,MUM-LAP-1222,
2023-09-08 06:51:20,C:\Program Files\Fortinet\FortiClient\FortiProxy.exe,FortiProxy.exe -s FC_{73EFB30F-1CAD-4a7a-AE2E-150282B6CE25}_000013 ,MUM-LAP-1422,
2023-09-08 06:49:59,C:\Program Files\Fortinet\FortiClient\FortiProxy.exe,FortiProxy.exe -s FC_{73EFB30F-1CAD-4a7a-AE2E-150282B6CE25}_000013 ,MUM-LAP-1222,
2023-09-08 06:49:38,C:\Program Files\Fortinet\FortiClient\FortiProxy.exe,FortiProxy.exe -s FC_{73EFB30F-1CAD-4a7a-AE2E-150282B6CE25}_000013 ,MUM-LAP-1422,
2023-09-08 06:48:31,C:\Program Files\Fortinet\FortiClient\FortiProxy.exe,FortiProxy.exe -s FC_{73EFB30F-1CAD-4a7a-AE2E-150282B6CE25}_000013 ,MUM-LAP-1222,
2023-09-08 06:48:10,C:\Program Files\Fortinet\FortiClient\FortiProxy.exe,FortiProxy.exe -s FC_{73EFB30F-1CAD-4a7a-AE2E-150282B6CE25}_000013 ,MUM-LAP-1422,
2023-09-08 06:46:59,C:\Program Files\Fortinet\FortiClient\FortiProxy.exe,FortiProxy.exe -s FC_{73EFB30F-1CAD-4a7a-AE2E-150282B6CE25}_000013 ,MUM-LAP-1222,
2023-09-08 06:46:38,C:\Program Files\Fortinet\FortiClient\FortiProxy.exe,FortiProxy.exe -s FC_{73EFB30F-1CAD-4a7a-AE2E-150282B6CE25}_000013 ,MUM-LAP-1422,
2023-09-08 06:45:25,C:\Program Files\Fortinet\FortiClient\FortiProxy.exe,FortiProxy.exe -s FC_{73EFB30F-1CAD-4a7a-AE2E-150282B6CE25}_000013 ,MUM-LAP-1222,
2023-09-08 06:45:03,C:\Program Files\Fortinet\FortiClient\FortiProxy.exe,FortiProxy.exe -s FC_{73EFB30F-1CAD-4a7a-AE2E-150282B6CE25}_000013 ,MUM-LAP-1422,
2023-09-08 06:43:55,C:\Program Files\Fortinet\FortiClient\FortiProxy.exe,FortiProxy.exe -s FC_{73EFB30F-1CAD-4a7a-AE2E-150282B6CE25}_000013 ,MUM-LAP-1222,
2023-09-08 06:43:27,C:\Program Files\Fortinet\FortiClient\FortiProxy.exe,FortiProxy.exe -s FC_{73EFB30F-1CAD-4a7a-AE2E-150282B6CE25}_000013 ,MUM-LAP-1422,
2023-09-08 06:42:19,C:\Program Files\Fortinet\FortiClient\FortiProxy.exe,FortiProxy.exe -s FC_{73EFB30F-1CAD-4a7a-AE2E-150282B6CE25}_000013 ,MUM-LAP-1222,
2023-09-08 06:41:48,C:\Program Files\Fortinet\FortiClient\FortiProxy.exe,FortiProxy.exe -s FC_{73EFB30F-1CAD-4a7a-AE2E-150282B6CE25}_000013 ,MUM-LAP-1422,
2023-09-08 06:40:45,C:\Program Files\Fortinet\FortiClient\FortiProxy.exe,FortiProxy.exe -s FC_{73EFB30F-1CAD-4a7a-AE2E-150282B6CE25}_000013 ,MUM-LAP-1222,
2023-09-08 06:40:17,C:\Program Files\Fortinet\FortiClient\FortiProxy.exe,FortiProxy.exe -s FC_{73EFB30F-1CAD-4a7a-AE2E-150282B6CE25}_000013 ,MUM-LAP-1422,
2023-09-08 06:39:13,C:\Program Files\Fortinet\FortiClient\FortiProxy.exe,FortiProxy.exe -s FC_{73EFB30F-1CAD-4a7a-AE2E-150282B6CE25}_000013 ,MUM-LAP-1222,
2023-09-08 06:38:46,C:\Program Files\Fortinet\FortiClient\FortiProxy.exe,FortiProxy.exe -s FC_{73EFB30F-1CAD-4a7a-AE2E-150282B6CE25}_000013 ,MUM-LAP-1422,
2023-09-08 06:37:39,C:\Program Files\Fortinet\FortiClient\FortiProxy.exe,FortiProxy.exe -s FC_{73EFB30F-1CAD-4a7a-AE2E-150282B6CE25}_000013 ,MUM-LAP-1222,
2023-09-08 06:37:18,C:\Program Files\Fortinet\FortiClient\FortiProxy.exe,FortiProxy.exe -s FC_{73EFB30F-1CAD-4a7a-AE2E-150282B6CE25}_000013 ,MUM-LAP-1422,
2023-09-08 06:36:09,C:\Program Files\Fortinet\FortiClient\FortiProxy.exe,FortiProxy.exe -s FC_{73EFB30F-1CAD-4a7a-AE2E-150282B6CE25}_000013 ,MUM-LAP-1222,
2023-09-08 06:35:48,C:\Program Files\Fortinet\FortiClient\FortiProxy.exe,FortiProxy.exe -s FC_{73EFB30F-1CAD-4a7a-AE2E-150282B6CE25}_000013 ,MUM-LAP-1422,
2023-09-08 06:34:38,C:\Program Files\Fortinet\FortiClient\FortiProxy.exe,FortiProxy.exe -s FC_{73EFB30F-1CAD-4a7a-AE2E-150282B6CE25}_000013 ,MUM-LAP-1222,
2023-09-08 06:34:17,C:\Program Files\Fortinet\FortiClient\FortiProxy.exe,FortiProxy.exe -s FC_{73EFB30F-1CAD-4a7a-AE2E-150282B6CE25}_000013 ,MUM-LAP-1422,
2023-09-08 06:33:03,C:\Program Files\Fortinet\FortiClient\FortiProxy.exe,FortiProxy.exe -s FC_{73EFB30F-1CAD-4a7a-AE2E-150282B6CE25}_000013 ,MUM-LAP-1222,
2023-09-08 06:32:47,C:\Program Files\Fortinet\FortiClient\FortiProxy.exe,FortiProxy.exe -s FC_{73EFB30F-1CAD-4a7a-AE2E-150282B6CE25}_000013 ,MUM-LAP-1422,
2023-09-08 06:31:31,C:\Program Files\Fortinet\FortiClient\FortiProxy.exe,FortiProxy.exe -s FC_{73EFB30F-1CAD-4a7a-AE2E-150282B6CE25}_000013 ,MUM-LAP-1222,
2023-09-08 06:31:15,C:\Program Files\Fortinet\FortiClient\FortiProxy.exe,FortiProxy.exe -s FC_{73EFB30F-1CAD-4a7a-AE2E-150282B6CE25}_000013 ,MUM-LAP-1422,
2023-09-08 06:30:00,C:\Program Files\Fortinet\FortiClient\FortiProxy.exe,FortiProxy.exe -s FC_{73EFB30F-1CAD-4a7a-AE2E-150282B6CE25}_000013 ,MUM-LAP-1222,
2023-09-08 06:29:33,C:\Program Files\Fortinet\FortiClient\FortiProxy.exe,FortiProxy.exe -s FC_{73EFB30F-1CAD-4a7a-AE2E-150282B6CE25}_000013 ,MUM-LAP-1422,
2023-09-08 06:28:25,C:\Program Files\Fortinet\FortiClient\FortiProxy.exe,FortiProxy.exe -s FC_{73EFB30F-1CAD-4a7a-AE2E-150282B6CE25}_000013 ,MUM-LAP-1222,
2023-09-08 06:27:52,C:\Program Files\Fortinet\FortiClient\FortiProxy.exe,FortiProxy.exe -s FC_{73EFB30F-1CAD-4a7a-AE2E-150282B6CE25}_000013 ,MUM-LAP-1422,
2023-09-08 06:26:53,C:\Program Files\Fortinet\FortiClient\FortiProxy.exe,FortiProxy.exe -s FC_{73EFB30F-1CAD-4a7a-AE2E-150282B6CE25}_000013 ,MUM-LAP-1222,
2023-09-08 06:26:14,C:\Program Files\Fortinet\FortiClient\FortiProxy.exe,FortiProxy.exe -s FC_{73EFB30F-1CAD-4a7a-AE2E-150282B6CE25}_000013 ,MUM-LAP-1422,
2023-09-08 06:25:23,C:\Program Files\Fortinet\FortiClient\FortiProxy.exe,FortiProxy.exe -s FC_{73EFB30F-1CAD-4a7a-AE2E-150282B6CE25}_000013 ,MUM-LAP-1222,
2023-09-08 06:24:34,C:\Program Files\Fortinet\FortiClient\FortiProxy.exe,FortiProxy.exe -s FC_{73EFB30F-1CAD-4a7a-AE2E-150282B6CE25}_000013 ,MUM-LAP-1422,
2023-09-08 06:23:46,C:\Program Files\Fortinet\FortiClient\FortiProxy.exe,FortiProxy.exe -s FC_{73EFB30F-1CAD-4a7a-AE2E-150282B6CE25}_000013 ,MUM-LAP-1222,
2023-09-08 06:22:54,C:\Program Files\Fortinet\FortiClient\FortiProxy.exe,FortiProxy.exe -s FC_{73EFB30F-1CAD-4a7a-AE2E-150282B6CE25}_000013 ,MUM-LAP-1422,
2023-09-08 06:22:16,C:\Program Files\Fortinet\FortiClient\FortiProxy.exe,FortiProxy.exe -s FC_{73EFB30F-1CAD-4a7a-AE2E-150282B6CE25}_000013 ,MUM-LAP-1222,
2023-09-08 06:22:12,C:\Program Files\Fortinet\FortiClient\FortiProxy.exe,FortiProxy.exe -s FC_{73EFB30F-1CAD-4a7a-AE2E-150282B6CE25}_000013 ,MUM-LAP-1166,"""C:\Program Files\Fortinet\FortiClient\scheduler.exe"""
2023-09-08 06:21:23,C:\Program Files\Fortinet\FortiClient\FortiProxy.exe,FortiProxy.exe -s FC_{73EFB30F-1CAD-4a7a-AE2E-150282B6CE25}_000013 ,AIR-LAP-039,"""C:\Program Files\Fortinet\FortiClient\scheduler.exe"""
2023-09-08 06:21:00,,FortiProxy.exe -s FC_{73EFB30F-1CAD-4a7a-AE2E-150282B6CE25}_000013 ,AIR-LAP-039,
2023-09-08 05:11:38,,FortiProxy.exe -s FC_{73EFB30F-1CAD-4a7a-AE2E-150282B6CE25}_000013 ,MUM-LAP-1171,
2023-09-08 04:18:19,,FortiProxy.exe -s FC_{73EFB30F-1CAD-4a7a-AE2E-150282B6CE25}_000013 ,AIR-LAP-039,
2023-09-08 03:09:22,,FortiProxy.exe -s FC_{73EFB30F-1CAD-4a7a-AE2E-150282B6CE25}_000013 ,MUM-LAP-1215,
2023-09-08 03:02:37,,FortiProxy.exe -s FC_{73EFB30F-1CAD-4a7a-AE2E-150282B6CE25}_000013 ,MUM-LAP-1215,
2023-09-08 02:14:42,,FortiProxy.exe -s FC_{73EFB30F-1CAD-4a7a-AE2E-150282B6CE25}_000013 ,AIR-LAP-039,
2023-09-07 22:13:05,,FortiProxy.exe -s FC_{73EFB30F-1CAD-4a7a-AE2E-150282B6CE25}_000013 ,AIR-LAP-039,
2023-09-07 16:38:38,,FortiProxy.exe -s FC_{73EFB30F-1CAD-4a7a-AE2E-150282B6CE25}_000013 ,MUM-LAP-1171,
2023-09-07 16:15:46,,FortiProxy.exe -s FC_{73EFB30F-1CAD-4a7a-AE2E-150282B6CE25}_000013 ,MUM-LAP-1272,